thumb,index,middle,ring,pinky,label
82.48357076505616,79.30867849414408,83.23844269050346,87.61514928204012,78.82923312638331,A
78.8293152152541,87.89606407753696,83.83717364576455,77.65262807032524,82.71280021792982,A
77.68291153593769,77.67135123214871,81.20981135783018,70.43359877671101,71.37541083743484,A
77.18856235379513,74.93584439832789,81.57123666297637,75.45987962239394,72.93848149332354,A
87.32824384460777,78.87111849756732,80.33764102343962,72.87625906893271,77.27808637737408,A
80.55461294854933,74.24503211288848,81.87849009172837,76.99680655040598,78.54153125103362,A
76.99146693885301,89.26139092254469,79.93251387631032,74.71144535522049,84.11272456051594,A
73.89578175014489,81.04431797502377,70.20164938060113,73.35906975550785,80.98430617934562,A
83.69233289997705,80.85684140594985,79.4217585880588,78.49448152205356,72.60739004816287,A
76.40077895802645,77.69680614520107,85.28561113109458,81.71809144784231,71.18479922318633,A
81.62041984697397,78.07458859791842,76.6153899984702,83.05838144420434,85.15499761247976,A
84.65640059558099,75.80391238388681,78.45393812074393,81.65631715701782,84.8777256356118,A
77.60412881077355,79.07170511668092,74.46832512996986,74.01896687959665,84.06262911197099,A
86.78120014285412,79.63994939209833,85.01766448946012,81.80818012523817,76.77440122697438,A
81.80697802754207,87.69018283232984,79.82086980445024,87.82321827907003,66.90127447955128,A
84.10951252187611,80.43523534119086,78.50496324767066,80.45880388267751,70.06215542699553,A
78.90164056081244,81.78556285755873,87.38947022370758,77.40864890863176,75.95753198553406,A
77.49121478207732,84.57701058851038,81.64375554829843,77.3511989811648,82.56633716556678,A
80.4853877467402,84.84322495266444,76.48973453061323,78.36168926701116,78.0394592343392,A
72.68242525933941,81.48060138532288,81.30527636089944,80.02556728321231,78.82706433312427,A
72.92314628974793,77.89677338617321,78.28642741736616,75.9886136538919,79.19357144166996,A
82.02025428407269,89.43092950605265,80.8728890641592,81.28775195361382,79.62777042116916,A
70.4061439235048,79.86743062275391,80.30115104970513,92.31621056242643,79.03819517609439,A
81.50773671166806,79.82644115147379,74.15660981190234,85.7141140725751,83.75966516343387,A
83.95515973521523,75.4530627260263,87.0139715546805,72.9907446860386,82.93428546900135,A
90.95227812904989,75.04731837434656,77.16851135198614,80.4982568254382,77.48262172941901,A
72.24668284466934,80.34281487403014,74.68848143136948,82.36796215317591,75.40287882883098,A
87.7496720250877,76.08373353831881,78.38969241897162,84.06758608684835,73.84567841783023,A
81.13729967302065,86.53571377141213,71.96258382719387,80.92316929266153,81.29941397124212,A
83.90911435888655,73.81524644560959,73.39771693457863,82.60970782808448,81.48492336616593,A
81.25246425172938,81.73224104748488,76.59987639210755,81.16126848580502,81.46536236649341,A
76.42824290986816,89.32887255572378,82.36916460455893,74.04348251398676,83.28276804316914,A
75.1265916488634,83.93542301871226,85.79297789503703,75.89658840824144,84.8168806462216,A
82.06390463468249,84.11030079997245,89.48396491326974,78.77305941998564,76.23131917821256,A
75.55242785187238,75.92094857517282,79.61449145292949,81.70575987408321,81.38345399665009,A
84.13591624518011,80.06500945938953,87.26767038578659,78.67671583381022,93.6008458329481,A
83.12833673882503,75.71421221791859,74.64553750969444,82.41236207621593,78.88268607337075,A
83.57000247046047,82.36618812286773,79.63585543671563,75.76603140965797,72.42576387657067,A
77.76742523966489,84.28199397161737,81.07046872065102,73.77130610644006,80.86590462925591,A
81.92658689864419,75.58071281899433,80.76862552972764,80.29104359223,74.28514851084688,A
81.78893680174141,82.80392263184117,85.41525621587638,85.26901026017451,73.11165316021454,A
75.31087480042439,82.5751763360433,82.56892975456104,82.57523843153024,99.26365745327361,A
82.85445255346583,85.677828200903,84.770008817466,83.256956256529,78.42365377679828,A
83.79484610246634,76.13587392731215,78.81590696629996,77.57318226085448,80.40937069693162,A
91.57329283336755,70.66367403704126,83.43130095187257,71.93642064405174,77.64034067105283,A
85.44475298483682,80.32140009547732,74.61127611035347,76.42348145370016,83.39798874467338,A
76.34816684141431,81.08229294790988,80.22785919951907,76.74199826197092,90.71972044662662,A
83.16959511159006,69.87428706671196,80.93227157384713,76.69106767615806,84.26216667398111,A
76.0373963078365,79.4263177926655,82.52493639490228,84.32877597085061,73.99851796472112,A
78.32749382079525,77.62527344419522,76.73335383713145,88.82727120140548,82.02490855480478,A
73.69558022832477,84.58930973527389,90.61078098506317,85.16232630275573,72.40315017022994,A
77.57882963566874,86.33455574593312,76.4616526719061,82.21909714073114,83.87317026714669,A
75.36534764210958,79.702373219691,63.79366329965464,74.87806179332856,78.7371592430342,A
73.76108409017576,88.16205651965818,72.84929311019684,77.79977756651508,80.65370288643045,A
87.20636644533057,72.82068924410281,85.8158187607748,80.05116530509794,75.09245674476024,A
82.31051737131635,80.99529847786735,76.99891561420603,80.3490104249501,78.0734320156912,A
80.56758672625624,83.31065337260523,87.93008408072676,73.81092250586576,90.66516687328134,A
70.23956100238749,79.24107452482208,82.94158603242288,81.40495933867517,76.88650240089703,A
78.95938874821363,77.53499532670584,77.05317621527894,84.24801048510513,81.78507742982524,A
76.53545202369673,84.49799937716625,81.53649760438304,84.06431059419481,83.14814420961807,A
75.85502494538964,77.19909479901516,83.7364680256163,83.05185132716733,79.89549203017926,A
80.58663691654391,86.38832447894212,77.04214305582084,82.7354869058502,78.98903673783053,A
78.9115939838639,85.49388425993595,84.12708174494014,84.06754818000319,86.52739403577165,A
80.1050192081638,83.40976485647482,78.44866621703272,81.62083176244221,79.34928472816158,A
80.48497982496359,82.97578512718457,75.90889658383264,90.4619363784273,74.96991309250149,A
73.92905693606134,85.79055436750033,83.95831346981468,83.12059908526078,83.1417275463214,A
79.93876613576543,75.51372814257084,80.37902279096863,76.61419144243945,84.87559866708875,A
79.2647130924893,75.87251401603744,78.39307079173503,82.06465727137812,77.18137723598012,A
75.88889802216784,81.21843605745956,81.22483285554361,77.46528412314436,77.64480847190839,A
81.16024968678818,72.75957829251338,72.96268112811723,76.40777889373783,78.93276424144076,A
81.55453782799002,87.37678108474776,84.2882981160101,79.20030735018287,79.90491896048655,A
74.98735317681096,79.90743432003805,78.5567068053993,81.61359280169044,75.86384528223839,A
82.59673257120586,87.66369456501289,79.45619925771571,82.0085586104947,83.45071995855557,A
77.99389764057082,81.12046240905208,80.06296200390898,80.48838049274416,76.13495108072267,A
80.12255087129472,82.48999145622724,87.2557180389752,84.79635413042604,90.76591228755778,A
76.16326218555976,84.36160318360339,80.91671002869175,90.94901466608836,75.95850857322424,A
75.80139078909612,77.0030367727799,69.38052137845096,77.3712248915962,76.20433669223151,A
80.75196893238103,81.70877987888579,89.38085419607943,84.75211919093024,77.11548172168798,A
75.50792664325822,82.45959585753253,73.3988339648968,89.15729382927177,85.89720060360644,A
77.65412173947648,71.43432735454562,86.76936187082707,79.42730077373692,86.1890815598673,A
72.02786170602816,77.00312488523113,80.02621849859092,80.2349029688237,77.74967264260378,A
83.11424966173749,74.66189785308703,79.28810257489353,80.60147815855949,82.57219417029374,A
83.55807439044445,74.37678954081065,72.32942914632189,86.38838410949255,81.66157005989795,A
76.25756731721724,87.75575987761262,80.57837317146429,85.89648592031914,80.33759240705055,A
90.30373962440993,88.77670421221602,78.75517925760464,84.85785475477178,83.22687974792574,A
86.84315778766174,75.17538269709948,83.43025729999219,85.29212243424794,71.20630256788442,A
74.08370743667112,69.8038391111995,78.65296582777721,83.58771127897981,87.51178526048014,A
80.37047390209888,88.14307772785646,73.09949270892554,71.48308780322422,79.72226150551691,A
81.92032724469654,79.83652625952953,69.66278949980062,79.55439980243605,73.47765249747573,A
83.3483627441502,81.83299123048424,75.30060106836322,77.43066541331653,74.70393239055524,A
79.68660451363414,84.77571160250619,75.07136976832228,82.52023257758923,77.3487119081378,A
76.03563583868828,79.46484820022721,74.82378838790314,77.23175347326409,74.01061053705575,A
89.82362566458195,80.17631775985865,76.50137246003708,81.0698995536711,79.43835975154585,A
78.89515200233389,83.07083350021712,83.78753855023652,77.34749426194736,77.1209087967766,A
78.62474151424178,68.49039417632207,72.42404468900725,86.83437133722262,88.22483856750642,A
78.75481980221811,82.88278481527882,81.55625077271768,95.3944040422762,85.59787455717289,A
79.36041204259617,75.22229779699788,71.96776839871214,81.01731817933612,76.21824627357849,A
72.88873145201163,76.76713557878736,74.59225998192802,88.43570817536282,84.40819878474726,A
79.96013679341691,87.39972069445012,80.38684153823809,75.69357899335868,87.61562038634828,A
82.69455021842329,74.81376922836772,79.04830660958196,75.62190873307621,73.08600134517832,A
84.63088773765821,89.54708320235065,73.00716213090429,82.81484618345286,76.74678715439086,A
77.56437308117651,77.03803037880566,75.68004615160092,80.24260813972414,75.84524941794481,A
81.3522841288992,79.74880945275432,78.80525976566796,75.462181689792,77.11614334715834,A
83.77695612912878,82.5045859381219,75.11222377600724,80.49666152714613,83.75693561685894,A
71.65297359439315,82.71680096189968,76.68688120527077,82.8529933429658,76.18370421728741,A
70.9755894966774,71.86228781058419,80.24042473330691,81.2986125086074,75.47841687447796,A
83.19296229388686,71.6923996886552,79.66960100676341,73.94491900118771,76.7408194609892,A
80.23699335658208,75.69793317358024,78.07722227885087,85.0314640460722,77.11554065238425,A
84.1784605603257,74.35146572671191,82.64902088957642,87.2078431032895,67.64177749936356,A
76.01552372264761,82.8853606359027,78.98477306978504,81.85572936685655,76.9800740664209,A
80.4329489373645,79.2216138230396,85.83891030829903,81.27210421650607,81.68801331037601,A
77.94061516938767,77.56196887963753,77.8372090609019,81.97226071189148,77.89507759589868,A
81.44887428448206,90.37700399322719,84.35562351715846,78.3698823391608,86.00606961081972,A
77.95962313489224,69.80937732411073,74.95956844541298,70.64604039487072,78.24243257979346,A
80.09209189594776,88.38218656137641,81.63463686882082,78.90449735595568,84.14702790591744,A
68.94432345496057,81.17807279054283,83.85432596943484,72.60706877110078,85.71877021603464,A
81.69248203747208,77.923560430496,83.16390933053142,91.35346428902199,80.90933127529247,A
81.24110293150169,77.70319550229878,75.75077815267605,84.15167908272123,75.71958087045566,A
80.35783118609696,77.61171276617442,82.39489912873196,81.66831052643474,85.18769972128949,A
77.44991800572626,78.65062532353315,75.10618142108846,77.77853369961944,81.88650246522425,A
83.78494308322676,75.38917337911187,84.3480296005283,86.77818929402476,82.0671745161185,A
89.38397906279033,76.13105400448214,73.77672648344291,71.10639875547861,87.48022155744592,A
83.27182828177028,79.72207664544773,81.3998431315991,74.37255476350812,92.22875989808414,A
80.64610590987614,80.54697397302446,83.62883311949346,82.40504615868356,81.11942012139566,A
76.04762772277344,82.35734178567998,89.41012248237517,86.7271002307749,87.96593313319698,A
77.44392161784407,75.0519758987071,79.37106539950176,80.27862456144348,85.47095759235474,A
71.5376768514259,87.64775159730307,79.20996050710505,77.8655946502629,74.93947812369916,A
71.72571664067115,84.11585291980957,80.36658983594202,73.55019550129472,73.52460613968192,A
78.32107650354936,88.34510762644696,78.70204324318198,72.48428523440947,78.77128467957027,A
78.63638215126164,66.51556678529214,79.72852566741093,78.84532734895662,83.48103182406709,A
89.24478047472672,85.63282514773879,78.65555654722584,74.46737045629165,92.8667990162493,A
80.29609217007244,80.06964645956474,79.87937456444999,80.99042380383928,79.27819794038028,A
77.13168996559882,77.26570529379804,79.83623364892001,77.28287614433117,76.43577108661418,A
80.53215113845948,78.72511391289572,87.51996494291345,66.74515095803494,85.45753425961232,A
86.23042596248814,69.63304883795925,78.28656202959826,78.14279567002104,72.9624415264109,A
76.11091656204562,74.44712077267086,88.76135221711812,84.6783919657373,86.3577754749708,A
83.60836032021618,74.35474114391386,77.37739866860113,82.4468728061396,73.88936095554027,A
83.56499215086194,78.79837300920933,78.12589596225202,83.55479984101746,82.2213165574302,A
78.1951691709046,85.79664901682123,74.59468336200051,83.07967803472133,82.96550628984193,A
78.45226780343005,81.63066511121059,73.74443211807349,84.6201350960345,79.07548931778506,A
77.38638489740481,85.24504612918444,76.4782815472862,72.9576935181822,72.21685413238048,A
83.0300497567282,73.59785323751859,88.77397090992183,69.59035296058138,88.48228184145019,A
81.05508733601309,79.51643444064804,77.27540456595526,81.99568057176036,79.81182648787576,A
85.5165094100826,80.5711382433102,80.75150880730939,78.18193893893073,79.71527188139466,A
81.5390088444603,71.44915803671687,73.25907288947144,83.71632047011357,80.85432719063971,A
79.0800833182366,80.09216966532696,81.73790852680835,77.30120159845319,76.10847637298843,A
80.9792262754884,75.10813611192484,82.04126377857236,71.48708197881079,85.14577818662822,A
82.36298741206521,81.28014867156938,84.91345491972757,88.32737222231289,85.07185032509065,A
70.79562884334177,73.6021151663215,76.8759071115216,80.13045525105417,82.58829510234561,A
76.37128093423267,80.9338338223854,76.22308533823339,76.94241098504025,72.96669451575889,A
5.383833769445479,3.241576971918332,5.120633735113336,15.268208983039198,5.253005555840285,B
23.161910324186955,12.466589504404446,10.92418061847437,5.7082110990939325,13.501549397044958,B
7.121810868811131,10.610049073226808,22.800422691343975,9.51970050137675,15.74636663142838,B
6.484117874370563,9.825057547515192,18.85400317817755,6.865164711061163,19.062242789984644,B
13.538759677277376,7.187666120528662,13.162038695277605,14.862772248133648,13.109049811085981,B
2.148876400547718,6.364314120875657,8.762406822242475,9.627832854499768,13.10336048775339,B
10.88850500466627,3.323278206449494,11.900989255029817,13.052928726419115,12.798952239655199,B
15.403903627773108,14.16961077274452,12.295900396142184,9.649171442706765,1.6951953324200435,B
12.148091095662929,11.038438435815555,11.357894185976868,3.616257120898453,4.594717297958688,B
15.265764266664519,9.802224230716725,13.407503486863122,10.141591880652307,10.148780697478726,B
14.691419029879988,7.419776358913131,10.480603884704918,7.688623556474788,7.8275188628384225,B
8.454139382656804,11.110668858168564,7.606256891682613,16.278780627867604,5.526963488902481,B
9.065641779193205,7.801344708629125,17.234889421768663,10.982773882557874,15.159222697343175,B
2.5721981348151406,11.335251329346294,14.448153978117185,10.411419946377121,15.327401875326757,B
7.413557749498139,17.0467372009279,21.49449061809625,8.185807197801704,7.77248739299614,B
17.266922385588504,17.897860728653562,7.385699864233659,7.899065914520714,8.591076955697464,B
3.2777474448286146,5.406740267579009,4.979296166239661,6.161012174479358,9.826575563066093,B
11.171073662682604,17.752502464070385,5.008229796306045,14.921611992382918,8.930055778872456,B
9.752681451737836,13.374097460833019,4.386389892188507,11.912048730920253,10.83226104106528,B
12.462256320040746,11.445843219539091,22.27650069955447,6.81130007874342,7.345015224990911,B
6.884297367876178,7.222614404198726,6.8130643634674115,15.945082655537758,17.102521239949276,B
7.146268531252619,5.8382221344788565,12.35707778193202,7.238884778595144,13.164659088777555,B
11.0146151042565,2.4212794250138403,17.737526006650306,18.97938836547761,6.936056547578069,B
8.06149220032008,11.429326953624525,11.672283949935125,13.292721363364151,20.051022693831747,B
9.115263862529753,6.008513777307732,3.103403859927364,6.345349800290405,9.834365135631014,B
18.97278931758894,7.411943504819143,11.118939758194493,9.91788551963624,15.94196636724042,B
22.63466212936811,7.3456561353983965,7.55280278740889,15.22080438534536,13.409457448131556,B
19.23353662868017,12.91964092662982,8.203539546064702,12.953274153461546,15.54351790291454,B
14.10241090598682,12.536370155536488,15.33337344794577,15.846477952228364,16.910794955187637,B
13.243549437948214,9.164409598415729,10.733568432166614,16.032544832541785,5.91532164506382,B
11.843366544364507,8.033305938363197,10.143724114674088,16.392259313036494,10.955495340099517,B
10.232182740780743,3.200719295100404,13.731267830136105,13.227420905705376,20.8162736165273,B
8.461108825234996,11.095751638319694,11.246918418553776,17.887266398817374,9.52352233806524,B
11.395107628851695,13.039482548582697,10.93304561578179,7.767831927247359,10.970449964491538,B
15.36815874929886,4.867423502944699,10.66484837073438,6.499395925304134,15.975233144624212,B
2.384065476081126,7.205390763642058,11.886059375322604,17.827620146171704,9.67124869463506,B
7.224002366534008,19.40578534720295,2.7599304979187798,0.0,12.200072250266661,B
7.489728878236944,4.893835914346434,13.541782236496767,11.219003568855994,7.179606846316358,B
3.5984780066455277,14.362286641400724,13.251005889793305,9.504120681103085,19.233184980238327,B
4.649576168369237,2.3723741453763054,6.540459650593778,9.772069918222511,11.216697246613458,B
8.793819710718351,11.760276982571483,3.74230287904778,17.218823020366298,9.589244108037157,B
15.586479157940637,11.713626731888521,12.28376609576892,12.84883640116102,12.238542800086574,B
13.21361379933772,16.645762650662157,10.982605848507351,13.545018787942562,9.551321528563866,B
17.200586077247365,6.618038489703651,19.00470216455408,9.799210246778284,2.8461244894097595,B
10.640522074553946,6.594741712625596,14.20321774494362,6.736880103488046,7.7690828339261016,B
0.552296345272346,7.7384684037546165,0.0,2.0804858825713834,13.802073280721487,B
13.929000793254161,12.127287808924823,5.165119284353935,9.7614432192901,9.981987304547157,B
4.208176554037286,17.51699150883575,14.386811452878357,8.89517913085168,10.134429194972654,B
11.041914039737762,0.0,8.764113087397016,6.590078760011007,4.991899950525422,B
8.594498535570226,18.988432634247612,13.20421430633505,7.144105051086016,12.862913906780793,B
16.99677718293001,14.623168414563844,10.29815184960087,6.7653161114721305,13.49111656806795,B
11.967426927108749,14.475966100138661,13.175859008409848,15.247763576596675,7.32382394219716,B
16.586970328171628,10.987998023461998,20.376304363126327,6.5540609095521605,18.679819015826247,B
10.98955391731324,6.742909981927758,7.5805708297283925,8.3982634590284,12.120829732009582,B
12.614177440177498,7.131499980307105,9.878227038695085,20.71135179305932,18.637715850503557,B
12.181618348370161,10.190017390841001,10.600156633591306,13.067589863652083,4.886037174007972,B
8.713117312883274,1.6570796306120528,11.996115613026397,13.235979698513706,7.58406768850313,B
17.869933816450164,3.871171684988294,2.678125598950899,11.12225909279986,15.235491513060772,B
18.419638457289345,7.7055786856553,15.39340416715648,9.807457652496463,9.136863500295902,B
14.418299687433361,13.261614392067099,2.1180392150787526,17.38270174862948,16.900456770737257,B
6.872186492452353,11.979017667187046,12.470150931413695,11.303368829119535,7.248474230772899,B
6.641883160309742,9.872229645042774,15.863645096296823,12.718000772972161,8.14692833956947,B
13.858493553241724,0.0,15.743828501860516,1.3014311061095025,8.187795292984339,B
4.401650526869281,3.526592621395471,15.804133936892597,7.661493993440543,11.732519408653578,B
9.76539710560408,12.385204136115608,10.384109455301276,3.5850388790571515,14.981334097235699,B
7.531217084193438,2.217090506701245,7.859424195170437,17.503798953171554,14.251108710567465,B
8.256739327960704,8.253711478407856,8.391824743913087,20.383739917804206,11.909677261157768,B
12.150208235955349,15.151417270159211,11.193945795132567,8.704789270896484,9.018250754575108,B
9.64199370292968,9.813888817450792,13.6381477181849,10.259729429036497,13.663200386077897,B
9.596417099457089,10.393175951580453,0.008996577339461354,14.581638373512408,11.732442379489964,B
14.99005054929826,0.0,20.441873523903638,9.30205185922413,15.540914083687582,B
4.800470364372345,13.063869525312848,4.732922184131719,6.881155196520974,19.57015676933393,B
9.046587996183266,11.087164365898614,14.350338653443771,12.478409439863023,10.752094525717883,B
11.824805012331128,22.017077926191376,9.711906014832072,11.005495233574837,15.253271980038061,B
15.52762966478992,15.935151527801901,13.193651110145924,4.284975436347582,18.167157661505478,B
4.26827303490656,11.513177326195166,6.228620749903211,9.679308267035037,11.643812051517402,B
11.606786077251366,12.109603771176424,18.068556345293235,12.267671507569899,8.779216823546756,B
14.820435841441785,15.947352444623203,3.8619609243150377,12.98700034924929,13.505863711554492,B
8.512182483200041,16.878534066558096,9.249722064837366,10.62788226735771,9.134640878580653,B
10.077895237907338,4.518624565523991,2.7997455870285286,17.97252531612486,5.765193258408361,B
5.043038252718464,0.0,6.805191261552489,3.3845510329625084,18.210075800681846,B
15.049085446713171,6.559248274111381,21.262179026721544,14.90882743495797,8.375843082456887,B
0.0,21.45471286295371,3.05213766618202,1.7730062652155407,15.112852160048202,B
22.198762031696365,16.92136409255259,12.819545600261797,12.97377170832643,14.267077793901539,B
13.794642948933825,11.405957119846878,10.521005519759381,9.687034360502388,6.230177055666619,B
8.59662461566613,1.5352159290230727,9.508301866026251,5.057044464245413,4.482053413921145,B
10.899470755767393,16.960011431722997,14.591583030011565,2.1474969818841148,5.051859317148312,B
14.703855939941079,5.087563032308452,8.876834250014877,12.75026049512276,5.158277725681824,B
10.526877530729799,3.3298725254089776,6.993161780243931,11.598909670712684,2.035031332341654,B
12.202373689801995,9.901811005366595,12.762449772085738,11.119570670323307,16.82070214986922,B
10.626122513239537,7.8529722943737355,10.61148751516142,12.71649014518194,10.244300351628521,B
10.202958456019411,6.490041560966223,6.68549541224526,2.9869736410015326,18.747883715934698,B
3.7806838230435744,6.535474011020463,6.407963672154013,14.474621884722207,8.525251608539861,B
16.238710363368668,6.632546878780658,11.39497081111901,5.823264733701214,20.72574563886694,B
4.062007904852436,11.549103551135138,13.168884404660492,12.068995487257492,9.073561705611459,B
9.350896501332869,10.219057359895547,9.264989991857558,14.819395583974549,21.052615007956756,B
7.212541074960832,3.1509851021046114,9.558589758243725,22.898546688271594,5.981627160151346,B
18.195584027220338,18.388504070382204,7.232058791460027,12.844915395926376,18.141983115642688,B
8.104361295062564,8.982098199488192,7.091595430256781,4.926216346535666,6.7536122746699645,B
3.8802986661887173,10.17041734129613,6.150133844706791,11.168929558953739,2.2205217689818637,B
11.654401161072286,14.167644808044624,0.03132178714272271,11.87028284923786,16.13834496236646,B
3.951794906543973,18.362861934188516,12.095095046830226,6.474940721207956,9.72115461171147,B
12.791634562608612,10.380026957062057,12.693779962231845,5.396632034603169,10.84680412018039,B
2.9314275154750993,9.443869693256499,5.480461792676051,6.322350287051167,16.18046587605219,B
15.456550602971344,13.045690604535885,4.538436176637105,8.417957751525991,16.065488499895917,B
10.708584568199523,21.596647699908473,11.96658919697186,10.960245582450158,8.454417678987493,B
10.66770452391141,9.237650818097281,13.540543383442952,14.78351158397292,6.070052697460253,B
3.3438352322111093,0.8189731344835174,12.539956634562719,4.483166969130632,0.0,B
11.94289302265482,22.464997587163953,9.969645442300534,14.19245387225821,10.409146792737825,B
9.505551734044287,14.595382414938843,8.548627279056744,11.336961570359515,11.608489030980069,B
6.659547731784756,14.960211747682614,9.125201216522957,6.221274202535776,12.682549217852017,B
5.507660091044814,10.140905786845641,9.954405016778983,15.42947782915789,12.373491164399764,B
9.874865206274281,14.088831496001436,16.951037745086566,12.789051531759311,10.051763099216902,B
3.4408188382492018,4.674431684623137,8.473876478226662,6.952438989203584,9.06514348507277,B
10.283249624485535,12.648463771783653,9.647506109704544,12.432508219131009,10.322372074050602,B
0.1226671682306435,5.3033230309062285,9.279562221391922,3.951526285794462,12.999643649981023,B
17.65375416171849,16.093809258486584,8.932785645348961,17.45363068424976,10.743337286010558,B
8.314570144409803,6.932986682295301,8.487651567559357,8.059115907293856,10.852081111877439,B
10.802869905249324,10.015230100767072,12.18469084873175,15.953231373931708,14.747770677206619,B
2.5755101577504824,0.0,14.67159955619637,3.1656065079228943,8.876172990536583,B
4.149434869703202,0.9900978120999007,12.70731364102394,13.795775801513233,7.117447996366403,B
0.0,7.268777758737587,11.959020027012732,2.6054421561293566,10.916799598895778,B
9.923450754135022,12.896457498005443,10.597901842070765,5.134655295592222,15.982857508322457,B
9.20735213486515,9.86347730245034,5.33366020463402,7.783588744042449,5.5759864298654955,B
9.135269700382885,18.558542400711715,3.140494285343218,1.9321930106162952,17.355851637468042,B
8.95338161424067,6.654636306700417,15.199523436980382,6.971922301315679,19.130048567734683,B
13.389629356696346,7.560442959271487,20.786541066327516,6.971425384983307,13.710476860046535,B
11.496462902032459,16.50870644699399,17.807555983634263,10.160020745328833,6.232910648269083,B
12.299860714695582,6.611423151239469,20.066936237633115,10.682676655413687,8.173392243439457,B
10.923401529324542,3.2643685523515176,5.1419298074467426,16.00206953972213,6.715528605143021,B
4.765445086590302,12.68326376263643,15.928520773314984,13.594766553325334,14.980238429029082,B
6.216024557152696,2.8909466662907812,17.506668259777435,8.386600805789321,8.745834917724764,B
16.640970709245288,12.7811500470033,12.279438860408039,20.82501172450542,6.782408848099285,B
14.639200640406186,10.285065624485423,11.342961394316285,17.64234213206266,12.539178781448118,B
12.691480395248165,15.36253668654901,8.175236352285573,5.803951663304968,4.775954029894832,B
0.16821705311999047,20.28103564970161,4.483958171391585,8.89373188207114,8.615933500555396,B
11.537033489045504,14.078686062696484,14.302367441798726,7.084612807155308,9.164391431067942,B
11.412899752441499,8.756544369082265,18.036727880099964,12.454874758191256,13.674388930249087,B
13.314406343337064,15.867369287426625,10.905107793518535,3.5158402602207675,11.998439758763208,B
6.743215531040855,7.356916591251216,12.931820093775466,16.19141535716818,10.106357883680309,B
11.54416506299482,18.51107472317619,11.20376589744284,23.008415570901974,12.82754822815772,B
1.1961862042209113,13.766708105522662,11.905791924413888,16.448763770413727,13.365906756349792,B
9.30772008008113,3.878508818553171,8.954883713569874,5.7473977289535,7.0973827509763865,B
12.942892022103049,18.34952252175703,11.973357649114906,4.020584689824078,12.223013341100703,B
15.983157433228255,6.951085478403089,9.329914166635412,10.073440973645985,6.0755084345888,B
13.241402169219295,9.395259256961092,12.097662219535138,5.5625391109894995,7.812708498382948,B
13.611906789138857,8.135834239541165,18.634819256167027,8.001819071926988,11.12342362875943,B
14.66295415936545,2.908171335334842,1.1959559400961197,2.371718427149526,16.31292051713591,B
7.240709270537766,22.79099642834126,7.1787620067130575,10.922756515985185,17.710549762839378,B
20.030464440795615,20.307517883181987,16.041831152965713,15.120312629057313,12.962634746005914,B
43.89180538083319,42.244071418357336,45.90900558288846,44.98312771294524,39.14907688737536,C
37.733859753363625,48.481937237283574,54.77652604285255,45.442034431459234,47.38765040527631,C
34.29155442933248,44.03170270360141,46.41588839698598,35.667316914634696,39.586596570786504,C
39.39126245808358,52.567248716210656,53.154058422773886,39.87906587835398,49.27046283167094,C
46.10516847762676,47.910488517343076,48.86757950575084,40.2028038163826,38.138966119644735,C
45.443743098520926,54.42293152967304,57.71621764136094,42.55575289106863,34.401912833554945,C
40.70443123455602,36.157803172185744,51.615838570923906,44.261987068506656,37.66981749065879,C
32.026484663666025,47.568000532848586,47.33649580169045,39.15041582144856,25.63868893359175,C
39.86242547474682,53.86125798334872,58.30629607273935,42.71451871706864,36.988939698191096,C
42.34387128037512,40.00807280405854,51.50895949909733,48.83040139192345,46.13466611942154,C
39.499229617600236,43.98163124911517,45.6100870662172,40.865598229800696,38.86760554049236,C
41.83682753408089,49.567923131166246,45.984105246598276,52.46344284479761,38.64438199478715,C
39.89316352825782,41.263941604260886,37.87879869863529,49.42022698180525,43.684219485462165,C
38.593362214408934,45.33495358612436,52.5796960885205,37.18727071556729,37.35473661326853,C
43.971323398109135,38.72855288415376,51.46778966083315,38.21709097688297,42.33214991216763,C
39.82179258851258,36.92434092047245,55.82369677228586,41.32704211600976,35.948737814928094,C
41.00284598615472,50.743186747143575,44.92089090510802,45.308399249239855,42.14408250165287,C
43.46552803631572,45.882207776386124,48.16486080458339,40.8620488967564,40.43071941523188,C
34.639304940071966,30.393247582526964,52.18279902078834,49.519674205430974,28.18533782229081,C
34.95134647645031,48.09577130502599,60.2874773485585,45.10396853837704,36.35998529385433,C
39.0855177944758,51.87438209574093,46.77017910437732,41.004039966748735,37.58628238908984,C
35.23335695870644,45.61335157997398,58.1233922923478,46.615396365580146,38.73823248936856,C
38.54094365542228,37.18404595651671,54.415548885735795,44.61081401493599,39.097600432046875,C
55.965537839224304,46.49376454182843,46.24104474952408,42.86821201897229,45.74222854598378,C
40.56635205268882,37.80861010841316,54.596144672876015,41.65927957230503,49.366488881087726,C
45.40024032857324,42.76339052170624,56.40508180867556,45.339277552637014,44.263868375611096,C
42.42366408647237,40.76821672504563,46.78225083841269,50.14980408790581,38.326123339467294,C
37.981757683790015,40.224387103253235,52.11799532796731,55.31262459621573,34.66233542872864,C
40.12109728336379,52.061102777077146,49.60179304377142,47.26185898124867,34.688032359265605,C
42.141535486038244,44.06427867497726,54.928649978399314,50.936930257823754,52.94781821009307,C
42.89816586606788,46.62898158291083,50.97192150788668,43.23416853594656,41.692419217308455,C
38.52299294930485,45.84230488134807,56.587987678039795,39.9672871736018,45.699392805645225,C
46.58557533669933,44.40965736504461,39.390725504957025,41.96089006452784,46.484972732805545,C
39.88565968850559,40.00348883852545,47.476125393858915,49.20310013252276,42.7336678410069,C
38.805339504151526,43.16587794092656,48.04120925478089,40.387949077507486,48.07687844734721,C
38.3883976539433,51.085792604127484,57.60658025961226,49.9915544907398,37.84189843640976,C
42.018650451683044,44.87902196804542,45.48149069634936,46.62179640860801,34.10480104420099,C
45.93839694230782,42.67691351350803,51.0057982793642,46.41643935773071,38.705475131479616,C
42.933469007376374,42.62548171688738,54.35648648728622,38.27010159876626,40.63189789773206,C
49.694644995291426,39.99834337697213,46.61127514737574,47.569539248294575,40.89790890969799,C
41.753150496367795,47.44593565073832,53.17360734280885,50.54849920978111,42.04909328464257,C
38.79371172690729,48.362868506013655,59.49940967447608,44.33683126808713,35.12735347664679,C
45.53540334643486,44.39809418023201,39.13665226992982,49.23710838575211,37.32335907023039,C
39.5473335884792,46.65990165284507,50.95249839889533,48.547259085695195,37.82256814715078,C
42.565528990880416,43.702266612080415,53.694052404437514,48.07683742006527,35.32280648977702,C
45.42991058087516,42.32018277442976,54.040288991405724,46.8364365670067,49.190918383975614,C
38.88267008814074,43.25341601940901,49.90290197056134,43.48410108582862,43.99970950971025,C
31.91844695781706,39.73158790426823,44.66098539210404,49.751537959867875,48.553066862909624,C
39.47775390731264,44.155891384049944,50.35026081556591,50.80939151304095,35.36323432904713,C
41.191844913673926,49.87598814891215,52.50547084969923,45.94790808299372,45.005230462835705,C
26.483838535003812,48.38937659765454,46.72962158436288,35.846835515717714,42.556012997624904,C
46.86829272581479,44.31275742686154,54.76437273601469,53.06139128994323,46.57457226792024,C
48.199822646856965,48.71063745535946,50.377168194507966,36.99017094051416,38.76968755935026,C
35.78376702341904,55.85471358748907,49.120570937838316,45.61602403392243,42.75742688020234,C
40.21801223186227,53.47525520215376,46.88675319132774,45.97303727618621,36.28764707150976,C
33.399887443896475,41.94115454547357,49.81481601475794,42.8534888774137,36.53789510063072,C
32.96841268164083,44.584472136856526,42.47639812984499,48.80027981844801,40.41219876467252,C
32.712242502675345,43.453954614750685,46.239217972047086,46.595872552095905,46.702252230115725,C
30.624137651771278,45.575130395737084,49.1993360221668,48.35670038225233,41.06598314118845,C
36.240153341305906,43.40473032166691,46.019870715982556,50.38003569299299,40.106558243359714,C
49.50595342876504,44.69669593092689,46.45796616544769,37.43142803693586,30.984301618720274,C
32.07932028497255,46.33563325505742,52.54362511614967,37.094046489839336,44.475191570380574,C
37.5846947415828,45.73396505992775,58.06110314127712,49.48419657932766,38.65734676047084,C
35.544038872923565,34.24092299335348,46.4042334037879,43.94434880586153,35.06410236424408,C
39.34371516453847,45.38425941479384,48.875720090959604,41.7499870958827,40.84327335983364,C
42.209703247847045,39.54800461278577,57.054661898731354,44.50705933857869,40.09424811472424,C
43.541072116282784,46.16608065631751,54.76568316956622,46.43562082600912,36.93781312679781,C
41.80751762603051,39.28136896339669,50.542798528882614,44.8338500467777,38.9594157136373,C
39.357312442805345,35.5907547725118,47.25637546129519,45.46422450570557,40.799281959987,C
34.861624295370206,51.328539204323505,45.66912575892749,49.84728600263368,42.13597180935842,C
36.768863450780984,53.87655446304756,44.0318158412176,49.59577086805001,45.00291159021489,C
36.64689895461677,51.962326500321645,48.74976742700524,46.44346814639928,41.3016091938561,C
39.32845629264726,49.05404136579891,53.967443602761065,36.257340133809095,46.52170121439076,C
31.68754005982163,50.16273102170829,55.633525684137915,39.54516784892401,37.945928560227074,C
34.47147665757032,43.92539484855632,48.45982857907129,48.8983026613467,46.55154373059804,C
46.97841905394978,42.189159867108486,48.95389063127736,36.58280903889525,35.970649667519055,C
44.82425816548729,53.07791411774116,43.82825564060039,42.03767870423553,39.867971215205365,C
41.400805794098034,40.95198240039177,52.12030522232045,42.63080326464542,39.927738645608606,C
42.7314212400185,45.03211134905469,47.81807054736716,44.451950980370846,39.55818520397332,C
38.149944850589364,43.70601968666449,57.99323585252358,47.8045972397062,38.5225984098542,C
43.48477202255368,43.33090255121995,55.86562318793321,46.84821096099047,39.46348927997886,C
42.23858462905139,37.145619239657506,44.36616265545097,39.03037496800472,40.714715473818536,C
48.66257499742546,56.15650073096316,53.19025550720379,47.50422237472228,30.994711329236303,C
37.286631001329894,41.061081240458805,46.89576200874442,44.15928090707605,37.63954711151436,C
30.10350094812106,48.73955128058767,44.636284871300965,46.196234320555746,50.370413348749864,C
35.403077042067885,32.348562386268355,48.569978890599444,50.50479817499286,49.79173727110297,C
33.85225202773792,47.48349611618261,47.67344771609973,44.470258228479324,53.221716735085174,C
32.48514835802423,46.26869830747287,52.33846585882716,50.42893162469674,40.489915767354475,C
41.540252697520515,43.041757162891045,51.34563470622554,43.284038622512945,43.107859449280255,C
38.15194831978183,46.88550196951093,49.85368593157511,50.63025125386084,39.743031382057566,C
31.134837658965594,51.30960750356996,45.47133849568691,41.731168306755904,37.02169352978254,C
46.87219046585409,34.32162893010652,65.68874266829997,50.28028404533026,41.116194570645796,C
39.72552999691857,46.427770374288286,52.60561214189669,48.22607792975028,42.778022330017244,C
40.44790340627625,44.01330789846337,49.24363358173244,44.0254585982366,45.66885048433532,C
42.96778361140431,30.298056826678597,53.279503882648804,45.97368097359387,39.90645621777051,C
38.05740773455557,50.620563599930065,54.73763231061429,41.135611660881956,42.03526143562267,C
35.14171632729357,38.101909176055344,46.86641387705018,49.311967361913794,44.76562522688043,C
42.56542710048647,48.625478934239986,52.58089143557479,41.79259202388524,42.159612723369705,C
44.00204762613841,48.77145664906787,55.94456685737322,48.54151923600532,41.757241037707914,C
45.350751191582134,44.8673937037547,45.590626743861414,44.18466518028118,36.27548677596776,C
36.624108625128095,44.27740664642241,46.03790039500019,43.4601923518048,30.531926665231072,C
41.06646853686469,45.00602737681112,45.914556844659046,48.296228342162024,44.68785068813279,C
31.962200678155128,41.186376107168925,46.154288251063505,40.300484494455674,44.14737420965874,C
39.03086930613598,43.67742579344694,39.98068817796623,48.17709015104613,33.80370802573264,C
40.29966315133164,46.38688468979096,56.80329297919326,38.45589800440444,24.90243922089587,C
40.91924772376847,54.00255590755427,56.19473176469719,46.04829707637313,37.54181907183976,C
44.03561298318655,40.13226900147766,52.3817888467811,47.52735079583314,45.3010495374944,C
53.79830019455539,46.96207983589383,47.45518187146251,44.872128439040026,31.15462047555441,C
36.52643434455471,42.95358780943448,47.37955801032704,45.76177436016861,35.887900338089,C
45.60515333662236,45.00103532459099,49.953498394306926,43.36052641743541,40.77595341929489,C
44.125491323338174,40.664348921445495,46.70941755462372,43.48136985611668,33.27064538263392,C
35.90371070139251,42.618895632276704,54.371945903563635,46.31280664500962,40.96794955683772,C
44.25448981083986,44.31314105800302,51.95232424964445,44.483891235337516,41.32681174699814,C
37.08620671194209,32.80591420861786,49.32860418906848,52.1137406804997,44.631077011207964,C
44.82698742295585,51.18065360903109,50.44328795480719,45.98657853702798,36.91174052282825,C
38.41963571986475,48.07885574885571,56.01942218584408,44.302768621595,37.74905367574294,C
40.002639794282985,48.00603374464558,42.78072591933229,33.51909523431381,37.24731575254208,C
33.89643787042921,42.45929901176345,49.26109840591264,42.733757954884936,47.26233767235372,C
41.6337238230116,46.50237179805414,53.11103572021701,39.30583441109616,45.195558937101346,C
39.6211785673227,48.35240308620606,44.64071383479922,37.23120616991968,44.08944829012514,C
41.882047630487584,40.48974222821245,45.65168459362653,50.62717392207385,34.05294053566336,C
48.21336476627982,40.496896326760655,53.191959628041914,43.356907621255075,43.01593715541171,C
37.27942998942903,44.186035469638526,50.20459587697861,39.98906272109264,43.70412172710063,C
37.43393216764208,43.85700042329991,45.02825312695744,32.18833170602345,39.04486118699916,C
52.063077108064576,48.92302143949012,49.903698101328025,43.685545853958665,40.11232946406023,C
42.73559557587605,39.09593592345578,55.57160847334436,48.57690657720622,43.59092862853967,C
42.192378694048635,45.09808328846995,53.3643061798341,47.95907066870689,38.22979644529488,C
37.13199113551549,45.50928147630994,57.74510075747594,38.804464621730496,32.6623736712378,C
40.82380420618259,45.25443850928009,50.866708321852045,46.2197659895425,38.883988726825976,C
47.44931719301041,36.995480107617425,45.85751487609877,44.48372619925476,31.784055944229163,C
39.12072797783964,53.30735082864009,50.10443244147981,46.153504528593416,33.6991761741371,C
36.91819295980261,43.12401809838032,48.41142451621883,51.40821897501884,42.788455303625625,C
34.44271021531484,46.232523892160025,52.491108742483924,50.700745192606334,47.90270343284187,C
34.924529040860655,40.94571244394831,43.712110705426916,43.829900704465096,42.331791872231676,C
44.93667258294551,44.620244881787386,48.40076238372578,45.7587899612437,35.824285491849885,C
50.44769360847387,36.96169486440971,50.92370289447862,55.1180310961482,40.03399922279999,C
39.04980482499253,43.212772885947864,49.09804159118796,51.86424237338265,28.940690443352466,C
47.66716850648163,37.88021423774927,48.666738353827924,42.85377789850669,42.942766348853596,C
32.00937824058126,47.31086333040972,60.12154811643426,38.18412997703595,40.94853083805198,C
36.69008911101695,47.12943603096518,50.09573888707876,41.792565454778455,42.43936142435537,C
49.021740548933714,44.04548104136351,53.59878971074091,38.53363521064418,35.21781811590996,C
42.362031389401885,52.420580142679825,51.7780667439283,43.43470984738423,39.99645702711677,C
33.74796133015141,48.022576631776836,54.41166531161704,42.7395483358346,37.64978926120249,C
41.32939114826024,42.81640131979702,49.66933692687089,55.49860894583258,38.76487149627002,C
38.20829923989389,41.76229097182421,53.720959857499686,44.09387913390948,36.75313480839287,C
46.60652016136506,52.098015022568184,46.99788217130647,35.66730024319692,45.03756844918461,C
36.57685087119998,48.953127995813844,40.14948091144082,49.462986691496546,33.9441403535961,C
43.653820595332625,45.07136533918217,45.23030290301678,42.9648184353661,43.431592284783505,C
40.529472265576175,47.92206490236242,59.88220292257743,37.17879194144474,48.08606287484312,C
40.52177968761607,40.50607975838436,43.34843187130505,44.054398046114834,44.6082505596223,C
9.362254398112329,17.55577465123674,72.7441215497422,79.93955526076972,73.73803277793441,L
11.818159413124839,14.434436950486502,77.89619103159474,66.97893071686433,80.99474073398247,L
12.183692758667547,12.021473774808488,86.17891095911077,74.64473160175476,83.40108052725225,L
15.962537562389874,1.1070620799674167,81.59825912959488,77.47910084496164,79.59238663449177,L
11.738382417691682,7.5638571794322385,76.62145960419194,80.17076208744012,74.56377030568599,L
4.570874355574073,13.396866414782517,74.25602982420672,83.33156250454606,82.31295646426976,L
1.3709663560470169,6.6121767383217245,85.97054701523686,75.0941723443016,77.67797868845307,L
12.310304466259483,13.916952546412977,78.74230556977753,77.01244902654179,87.11184930849254,L
18.694498318987897,14.894290253908977,80.42659071282512,75.95867139179536,75.84777796721717,L
12.612570526328788,12.09199110444342,87.00799296473215,83.25225046268069,72.48459849120091,L
15.259738088614593,5.009696863427935,78.08014364023825,81.25100103125847,89.97833744891982,L
25.549592780026806,13.033615295680914,79.08401690639806,82.67252824240275,84.43827712936918,L
8.396661872214041,18.97605677956161,81.15035379595702,82.48871544545698,83.3296212602723,L
12.107933053072278,14.194702502348061,76.91373406726538,77.20849123026984,74.49922883514152,L
12.197506153101132,13.89468251756057,82.28886433075942,88.37246216673769,79.97201990585476,L
13.343708277962563,4.541495619303428,78.064501487628,83.47768878782888,84.24551055371572,L
8.53016526167909,9.642003740709665,72.41063126659596,78.21485399596695,84.45191581759893,L
12.87602508053283,12.503328606906049,80.2488684359048,80.03531579314088,76.69839430263276,L
13.494142101012674,12.10486472194695,82.460094239964,77.3698257866621,69.23328540064378,L
15.485763558768479,7.60581271995798,75.6861211797844,83.46739455956997,78.03993680040435,L
15.299681920233109,13.085029747883487,83.4178466160024,73.17022144399733,86.059719926932,L
11.30625265616928,8.153614303768984,80.71694233671126,71.11882383550841,82.04326405740335,L
4.853142459089642,3.236648570782328,72.38820406891054,85.56344187494963,76.85368303153605,L
17.668638549582496,7.320992684738511,71.46321021203526,74.4173778002567,86.1790581000347,L
9.220509110316662,7.258563517546995,80.80009112926393,82.50891368083772,85.58699407951231,L
17.242496149464632,8.20115677105457,73.36976156958981,77.93267419438362,81.30140253291444,L
5.181205368946945,5.214245425524785,81.71893940774943,79.75673824214775,80.16398497705794,L
6.207523326499652,8.847996428971163,75.37883427865847,84.45099205562393,85.17624667361876,L
0.7690606888095317,5.35244569903795,72.51735372454961,76.74988032796551,79.58281015104819,L
2.7517739015073497,5.3907009343734344,74.98021313959251,81.03633664699473,80.34672168518125,L
6.391312233313734,10.88410436069699,77.26659957706367,78.64172444836973,88.36726045149268,L
16.70230525895174,3.502093815362012,84.14866208939587,84.05698277245796,74.2586835562369,L
14.093888218774303,17.689659592062764,74.38727596877793,75.41248589492868,85.08830733421752,L
11.35747655412824,12.757381376197616,81.70294608200248,81.95347960464072,73.36763935844459,L
15.236588533107241,15.847949962138868,78.85304627965986,79.78261525093069,72.34446248722139,L
12.571273780089175,12.860287208570721,79.68904491500345,85.62176679935251,78.3296138451003,L
12.823029629468001,4.901678306539422,79.88223924562881,79.12822871048581,81.1265396102047,L
8.152365355833208,9.34263702164166,84.13023585720754,77.81617881380892,71.9671144963066,L
18.747919521027104,16.907270393452432,73.53868652447191,83.44853902622597,77.48512614724328,L
11.317436076655298,11.471120645067469,78.82796099841839,76.08117167206802,76.5472947384187,L
5.419040422593787,5.840888958847776,79.66410854975322,76.42120005444625,83.4102603285631,L
17.436230776679636,7.099733793149785,81.19702250267689,82.49842555151467,82.36001135459637,L
10.379776339580436,13.713412091798611,82.41124476340329,73.81168788836351,84.34578032194636,L
14.43645418633371,6.183569479107092,80.18968917723801,83.41664496405535,78.9534309021032,L
15.364890238830059,21.819362473096803,76.07006983682508,73.09477698423113,81.51909297802437,L
13.607812525630717,8.845668130776154,87.26630331660517,73.30697100138376,83.46459311515805,L
6.970695896205533,18.59688953103648,89.9625767658406,76.16671706108326,77.2522143204571,L
14.29793943489901,8.064346751052426,79.77294391033881,80.12694210271205,70.40163421901173,L
9.930811269528814,6.5513611296791305,77.53438588800114,87.21816001734408,73.71746552860373,L
14.066025933739887,8.605185348340957,78.60119915752082,83.95185948025856,81.70025647284446,L
12.853064986097655,14.840923302664304,78.34345808408338,76.93881632746125,74.57424736721102,L
5.872947350105225,24.745472126543625,86.22339790368393,73.24462816895989,73.38771021628214,L
12.409330308592457,12.736323986889834,82.74441917658682,78.72522103223152,79.3727286999855,L
11.639397620796787,10.429465031466652,68.90349813626233,78.85100184712402,75.74296782869843,L
10.87605709454256,24.92629501301705,81.83740832737152,78.432351569138,84.60900750988625,L
12.413439436046064,12.100472452259206,83.03425296607836,90.28271782414771,74.34555782337043,L
12.368160384057273,5.368094350092308,82.77756323171124,75.40656744256952,77.91316593197458,L
8.524550428810468,14.879083596723545,84.59227221971207,73.77141311776808,80.27467055499925,L
6.452100726254137,3.7074754466233273,78.91491474787814,78.4575860577209,92.13358243172762,L
12.16479912680348,3.111912496228814,77.17612997914529,85.106916477147,90.44221386434963,L
2.070083438810208,0.6003780743047749,89.35482587685891,81.94807088685452,75.65853634061817,L
12.673145430612177,0.0,80.0168775329858,81.63910586421542,84.62135069768915,L
4.930520238537311,10.428435807016795,75.37287686970207,81.27691877837158,75.52326838818487,L
7.959495804198896,5.020923026048854,83.25568120911828,84.29225558328332,78.82689715021293,L
10.191189974800142,2.7570429268322796,78.50161675996607,79.74897691479127,93.10396545514988,L
4.440164871129182,17.32088619376219,84.98429386732904,81.40318202245068,88.79310242097567,L
11.860527363034315,11.945795978339644,79.73439673491227,86.11784441209313,85.48234616905442,L
6.871613562518938,3.4037640270061633,78.98509681302171,75.99980717801176,79.68237712692323,L
16.187190673420695,7.71349172456605,79.78588309344212,80.29011367404198,84.24215441102642,L
0.0,6.966498526173517,81.05641846139736,86.00039478213431,77.54048776246897,L
0.6172364697906296,13.098557229830682,76.82318805587185,74.0516667045482,76.87827305143388,L
9.077373211720753,6.976276677308936,68.97216971450466,84.48533098443566,86.37437520639361,L
13.257609956697529,4.311571647875917,78.99254233026241,79.96739342385271,82.99397194780956,L
13.341702443590403,6.329131006107521,80.4099777820678,82.2864020230762,87.27911161073384,L
13.522532699123616,13.945283436877595,80.4191331396468,87.05229572601752,82.04881397979749,L
5.6945604491321475,17.016849850625952,83.48951636269514,77.78477989435758,77.60253516300378,L
11.482877725703808,12.315923976337924,80.98646132815603,81.55654336721443,88.4997868728819,L
15.357715761174429,10.953177956325122,84.70655290383742,74.8373804823623,81.98963524973405,L
19.04653174866555,8.90977052303813,75.76183035690458,76.73955555703469,74.55183481328805,L
6.076190459361483,8.147459507049856,72.97216490410679,80.07809166974802,84.51138586893323,L
5.461219099265398,17.596419618208845,82.55396044263797,85.15290292812028,76.71082723073931,L
14.272626135333079,4.540330498023435,84.45123750418254,80.85919669896765,82.76625609992392,L
4.122026971875742,5.5246507886169764,82.98614109126693,75.258259978879,82.31603146049561,L
3.1643109676987713,14.24087106333334,73.83738342615746,82.76149968839762,83.12815466823001,L
6.516140907852126,12.910132835423635,81.30221131666778,77.30579071903631,74.95722657961896,L
0.18687154163710495,11.748250236498468,72.17598614318972,80.47672099720654,78.68275891958875,L
13.395713877190978,8.489772502550679,78.35276106826454,83.65935352144147,81.67529014542059,L
11.580779785913892,12.346337949042631,72.32213938396447,83.78394339993491,83.06234397006801,L
4.916584357117514,8.779597631628993,79.80346356186185,79.32751607799133,81.66929983284267,L
17.156833909155917,15.408833638364143,73.43890403284297,83.11034995153024,86.64466659767704,L
11.934042603446013,15.454902125929834,90.06135222850382,85.11854773053491,81.24654297820864,L
15.225442370423767,10.724439165484457,80.11951521642477,78.24292882143133,87.81706679416054,L
5.907856670289993,17.66183862339058,82.49932061870186,73.00346912599029,81.83824646495711,L
0.0,13.127540084155179,84.42615741494495,77.03822022173973,80.61773847977791,L
19.770787168751433,7.471266478690317,74.705462064717,87.40831701231299,89.81293595265397,L
10.018478359239237,15.057315177041781,86.70737957765441,76.28757883730808,77.57347082316066,L
16.154372565773674,18.425071393542545,82.81440430087177,75.60092823248974,89.9353055584972,L
7.345145510940178,8.324311094142741,81.7116891724481,87.77080210357387,84.26987988276112,L
12.074327501809552,12.316442650590531,80.21757334321732,82.79069757259253,67.35219961152849,L
8.516962704651007,11.206609674583905,74.24492958190247,81.9316165890578,78.97764389506939,L
18.77737849157745,17.865098626074282,77.67097215440918,79.24581144216653,79.63026217195804,L
7.741702619201886,10.975124920140633,76.20858965556205,74.34692332531237,83.11355611950134,L
13.147647921109055,5.978421201700038,84.476777153813,76.84211135417334,81.26582619018991,L
14.101720063062281,9.831937176481436,82.27370456070567,77.41785178056215,79.01766708285952,L
8.970702845598298,6.267108267298806,79.11612918442108,72.25690850568127,77.54423126428948,L
8.575622533151646,8.7191012375231,78.79251277064611,79.69117900069935,82.39720759043033,L
14.372585370662613,6.751173865758664,73.98399572305428,74.78977793878448,77.56398539402537,L
8.240393410917454,6.150019669012714,73.51941667875053,77.71939586262906,80.90713310056985,L
12.975147329177823,7.2128847344583935,77.93501088928284,75.36650845576345,79.84280414812612,L
5.757856829045927,12.865639066206,71.07066754032944,78.20185163773769,81.50553669595871,L
10.919172581612521,23.46516831990248,81.74900012283953,74.97972701578995,79.52267876455464,L
1.1187683326677416,9.597001253516195,75.83471971499621,84.57695137780081,77.25229862702233,L
9.416170421023766,6.822210792977983,88.69425675926665,78.39378616941045,89.162785217396,L
14.070758810591332,12.410333636676931,81.8436657365876,81.96898649108125,70.36163710327195,L
8.605583029246217,14.225789855921608,79.75551408262947,72.97405076598213,79.73797774711265,L
18.520527581277456,16.234458577673596,79.68997995316984,84.75724638529043,78.16746489815974,L
1.4806420658664052,5.377670059352228,87.81444384254098,78.63003459085348,78.78308010312492,L
8.500809018625597,19.520682947865033,88.12979457681031,91.09390116724067,79.20477394799974,L
11.478122443735476,2.416787252896045,87.38467213059137,74.16110224366032,81.08387781881315,L
4.51348736183578,7.055665866306519,75.8136878447515,76.96062369662091,77.3043864842551,L
7.258656025374615,14.166669558901535,74.4756860346874,81.10270713506934,86.0897957615278,L
7.434018177433019,6.410405546261991,78.84737687409874,85.89862604180355,80.97053815476679,L
7.343928526962007,12.419383255940199,74.48853925081788,83.40679755221474,82.04303653850884,L
8.46095764430558,5.807071007763845,75.56659538858271,82.67408668172955,86.14490251244531,L
6.813461264856026,12.291933517757421,69.56486490698965,77.076911346714,79.84470533564549,L
5.451582915090832,5.31746812605202,76.66110221765557,81.46096364163186,79.06335490796813,L
0.0,0.0,76.96567411071412,82.28843293026776,66.26247578637383,L
7.501349119241847,7.368760717412894,86.94168889104223,78.07489094143568,81.91494492370464,L
10.706285700437316,0.0,83.84103608315868,81.07698252728144,82.54134319837294,L
29.631188532181632,0.0,88.62348324880554,78.56276240299822,81.43664452201504,L
9.77243877349379,7.878818333009782,77.1508353588062,81.64754367786504,72.4141315166416,L
13.752895837608827,7.91902797557373,74.34965330479821,77.74993571002094,86.28574608431286,L
7.3233245649188845,11.7922680910481,76.34521862142263,83.7896092496181,83.42753869395102,L
19.243044166482058,9.122180272503922,83.34327402378953,80.49033769769473,86.47935890931507,L
6.405838061956349,13.725026564386406,79.0265135194166,79.67905911445752,80.45876242224186,L
11.261201982133386,9.41885478439021,81.07356591585263,87.89059028781092,84.9272484280761,L
14.345772962484482,7.722302369880646,75.55379585885838,84.77650279118876,84.38023396264897,L
17.36335337875491,6.980096870153853,78.85225672319827,71.80257918737283,78.03764446969564,L
14.982852552897235,7.66752310385901,83.20239897600412,79.04748447001094,81.6202851411078,L
4.261543050921663,10.426047248169505,65.04432014549639,79.06551920919007,71.84763378142429,L
16.029972582734082,13.887036763822556,82.3333549098304,87.6050311357969,75.25541739587581,L
18.736815989577792,14.660957821301924,78.81722356390527,85.67810073591473,74.46853243794183,L
5.877429192361633,6.957051383801498,77.35511145967992,74.71721178619873,86.11541533547663,L
8.705727998150842,11.762524841784398,77.1482431679316,70.89698349725741,81.35028679195712,L
0.4387251229011149,9.656829769572656,73.15842480583595,89.93637999615405,84.5568136108736,L
10.528768956357402,16.318533388273345,75.76842011267132,82.71739689335047,80.99905216859356,L
11.32010040666835,16.361767500533837,83.662460513899,81.44361831412512,71.72556281885852,L
5.199768523602682,9.386455332021379,80.46686187138326,74.34898137663038,92.05838337789211,L
17.581970276267864,13.010591601962417,80.36018430641873,78.93895515049424,75.24040769988882,L
10.387402592594313,11.288762700713754,73.79119712259188,81.67088208622448,79.22370475587626,L
0.46096221061304554,75.6980749461025,77.93197233289177,89.43843828670096,12.78276562266879,Y
3.3225921545005432,82.43018144708819,72.26348005530818,85.41345526943536,7.644376740910607,Y
9.531819056304146,86.62898323771095,73.56418215707875,73.01440907443504,7.082003368269976,Y
15.191894255096583,72.4032696226158,65.83922200944716,77.744205707955,12.758703999554601,Y
16.001308748694147,77.68419318957301,77.94286696441999,85.76950367127874,0.6512915015228966,Y
8.057396124084953,80.95211944962529,82.24609360642518,77.45096653404559,10.172205058529206,Y
0.0,76.70875793833076,82.26754356277233,75.0885298287266,10.294921107947987,Y
12.23436250401349,78.28725399571117,80.85231885498285,75.18633717357694,8.966943601519766,Y
13.051080847946112,80.78486480484217,77.06734365218033,81.12108202145396,13.57304895318309,Y
0.0,85.79537032477948,78.31872630659464,82.12744966620116,15.986234618226138,Y
3.1416315138476705,76.45279498786226,78.55725652062148,76.08123239437786,18.67468287918404,Y
5.7161395308660365,77.22226610256567,81.02194515801489,73.98925236961955,8.02159644121868,Y
11.587266306250875,78.33569797808744,79.53306570550026,77.35333943775815,2.4276484540961647,Y
11.607966056696192,88.7746653582362,80.09200815391719,81.12632058623775,13.463613775584298,Y
3.6533475172665044,88.51257329064802,81.01164398211401,88.15928449544555,6.334835022380053,Y
19.090309612789124,83.87577747017392,82.7652004292618,81.17012227176573,8.757356909627752,Y
16.00265829236936,80.70179934924023,70.16465148206424,74.414067691465,9.070771239036263,Y
11.549994915827774,79.71705755550052,86.09485394896832,70.24449067980687,10.7179396825258,Y
0.9101038730642266,83.79856147742085,79.52770642778998,82.0980498601206,5.68058519705117,Y
16.397324658288756,85.20862332029425,82.91772151505944,79.3524137656828,12.89928642647566,Y
6.465537160063255,84.27777829510356,88.2474044716196,85.35305279989593,6.351987650962952,Y
11.807086586365514,73.53429228120676,82.86195155587838,82.2530170643127,0.6509183023391802,Y
4.191080780438181,78.58430551628116,78.49570126429587,73.95261532290597,11.944893646760919,Y
11.25736804470256,79.02865434010741,76.22104249920818,85.24353563208282,18.277035565441476,Y
7.582192580767314,76.9391654142259,82.45603832705999,78.20985310126507,9.303013996683829,Y
13.698265758623357,70.45321956246353,86.59151162426335,80.36340262164671,7.9425342771890985,Y
9.553829228892756,79.81214677510259,71.34399348277537,87.47469113726618,10.206628161353093,Y
12.215010652236876,84.75774885287021,74.8941877121985,82.36735949517615,8.661794545506032,Y
14.233853876082469,69.36386289824253,79.50452849879366,76.9858967210802,12.161314753170778,Y
12.35022093684101,76.46187052588986,76.43913067911978,79.44667315721335,5.516788863423959,Y
14.209918477260635,78.15396399776277,65.46505890339179,78.12588971689097,4.8072808957801385,Y
1.8436209226952727,73.81286680888714,80.54704235916485,86.64320414124116,11.5659223693249,Y
6.967483058921301,82.27952097585352,77.70454844890504,76.52699815418427,4.228186658835078,Y
1.240855966241405,78.05038146720277,80.79026744960066,79.51688164992555,7.920165360263207,Y
5.271269696516095,83.04123095842485,73.41434040026708,83.88013956921738,4.988914905366376,Y
6.237823813234825,72.66607404692161,77.49298926557182,84.87656229238989,12.578140442219782,Y
14.892110560140175,82.61071272966969,74.48165085734816,78.34605387836221,6.099004354412687,Y
16.6528745201952,74.01605676786845,84.46848844694556,84.46476935054385,19.148101008580436,Y
7.951567036852513,83.56161079790081,91.40825918269421,76.91179161533152,2.324798762338202,Y
0.5999498304611812,83.56356014430666,70.58424895970708,78.13840473531039,12.186565935194803,Y
10.92587768414957,82.12722432092086,81.11144927900428,86.39432906656697,5.238418096306015,Y
6.615024307707343,76.13670277364588,84.15095905931305,84.50199294197532,12.25612659659254,Y
15.917468334449639,74.10979566311809,88.33612055775569,87.61619310856129,13.678109986228733,Y
18.9089945438553,71.71688396161113,77.37775931868674,76.32348269659023,13.607396618786716,Y
4.749296301989272,83.78747574668743,86.85268071998357,83.47601450041999,11.418755118307505,Y
5.060633295496254,75.76574516937318,86.24809452648333,83.89674501952666,9.80490240311228,Y
7.910452271170547,69.87096063444312,74.6457379065778,89.55709543569861,3.5977221449876664,Y
10.947399106105403,85.037219865976,73.72538665998854,80.92355237390542,14.689577687553275,Y
10.062496609536252,94.34201527833385,71.65700370560903,85.2936426494194,9.135991313017678,Y
13.859600774183376,82.20653575849623,76.33421901445001,81.1449819622967,0.7104927430085635,Y
13.016237502856969,81.49079232995263,83.19330084321551,85.29059162543575,11.838099201048554,Y
10.740447098991382,75.59465831669354,76.43889618175474,85.93367310088665,17.181677028529894,Y
8.809447818439729,80.23001373626637,75.47692812503116,85.86378422633723,13.327084118458894,Y
19.706087182318747,75.60838461410131,78.10996050490891,81.15722961262786,13.232447688628852,Y
8.921661812261839,75.6351945477315,84.40703764461786,83.6056768127279,5.418629497181375,Y
16.77721400552748,85.85099354598302,80.67148248623896,80.39798931188018,12.770288855579537,Y
5.691484648718709,80.15015739582041,69.2380822769541,84.38227822751467,2.1925338877907032,Y
17.517099142144996,78.34939953016774,78.94166509034412,76.86133046957747,8.559805630389619,Y
17.092656725740184,67.5609567173246,86.38482693044094,81.69011740550854,3.964891760713922,Y
4.623438034753811,88.38196513604102,75.27246560028634,74.2332474470202,15.686572711823647,Y
11.692764381429571,75.31037211731801,81.0831248770231,74.87123658179861,15.504106992113027,Y
15.306854824365669,82.66003099410972,81.80830530623508,88.80594062433687,9.998431636941126,Y
4.090629372895994,82.24736956416153,90.43023524768557,74.92620253407074,8.192686166530072,Y
12.082230190507264,79.73047575497131,75.08848209811343,85.60928928115236,21.600203610086297,Y
10.980657295119537,75.47965855132,72.25519737473263,81.28987990610591,15.519386716581288,Y
12.375838732476907,79.98798079540573,77.05364174105347,74.53918183640955,14.17375663162441,Y
14.568858106927928,72.27135106654633,87.94919489090341,82.87035610447,16.997973225728966,Y
3.2893612575744244,73.1708792229228,79.25515345116352,82.51392213447598,18.98180411463482,Y
13.530394569075657,78.78659361593984,74.86815396167054,86.15000286359574,5.176472871246426,Y
18.142342773861607,78.57807675196746,87.95291036308925,83.3946564502964,9.315022552787708,Y
7.403018140869367,78.2954606132696,82.1415834618762,80.38578248108858,7.030942959656475,Y
9.17184294841184,80.39288514859575,69.35632952792594,82.2908405739435,5.101393876415966,Y
4.233337983971275,71.56327826444645,71.03053751066055,73.22276248443855,6.454895211847548,Y
19.76629568763284,77.37060162052398,80.88875053134015,82.00240693253164,10.655325931079243,Y
9.612782696370031,74.02353118200378,87.25463774139607,89.03598321818943,1.5867065293865714,Y
4.8798570455681025,78.60094828811496,75.17731102544904,82.52982776727933,6.358638987966935,Y
20.825280339033014,85.95274297171798,81.06287015316107,85.13493131659867,15.529502121786544,Y
7.180262559708783,75.91891377729017,80.39071531484824,84.30818062248972,10.695301993267089,Y
2.1150175890450136,75.98587778024579,79.63013568202811,79.62167197837086,19.862710883949042,Y
3.07006028800501,82.52794620917938,87.44556554164144,91.35724872711398,7.978012884080194,Y
12.457147263600998,82.84880178599323,80.97740865776646,79.50577399380347,12.17987694750023,Y
0.0,83.41034745031315,80.63088951830984,78.88762551610867,20.23431097859779,Y
6.625329906047239,77.98462005467485,89.95776651102366,75.83969347575072,7.249423585317306,Y
9.26487288284575,84.20367241064774,81.03901253676656,73.5368732642387,7.339157184364052,Y
6.963227833938943,79.61389477388477,82.12921829314915,82.09102877943987,1.1199412297579894,Y
15.31970493780428,81.26284422998312,86.92266023796952,82.22099163645336,15.50661478867881,Y
12.332726557250634,86.73112878101374,82.6112531800889,79.51042376778548,21.362173602234407,Y
14.44518561139946,82.86872210502207,73.61847791730833,73.5584619126823,11.463577410709267,Y
10.727605988841203,76.92938717495842,80.70491349806031,87.94313464021798,13.477012372751494,Y
4.294957451236309,79.44245586428528,75.97516759573719,78.06150041795719,7.931921671851786,Y
7.611772086979974,73.72432314013302,79.36172659240906,77.19696181576344,0.0,Y
20.264860122508317,85.44384827108335,78.11849637537502,80.094095248703,4.141728263412191,Y
18.47861438905433,89.48644347386556,80.78346864123262,85.11765322092673,10.876433894669619,Y
3.3163728056203468,77.94088315518171,80.65963983385979,77.72726140628278,8.90673361282482,Y
9.543002212454427,79.59560751067269,80.26129245248741,74.69697466801699,6.414919254360319,Y
3.5770786715001535,84.889077748431,69.47176529079837,85.76795171658463,16.931746986314216,Y
8.489097065086893,66.98431456086351,78.19344719016355,79.6790791935559,4.947008900355433,Y
7.423908030958787,87.65097599431675,83.3246358115087,75.3771794281095,2.0120041520228398,Y
8.364913411951145,78.93271610324781,82.48099593681658,77.32341643716171,12.557497876809308,Y
19.675770200301145,84.07750511222132,79.75955746334614,79.08424764473352,8.216634329100645,Y
15.903204562260722,76.86343277024349,80.22611354499992,80.25598950940542,7.49107903594234,Y
3.137672260579496,81.61487251808835,79.69498014072309,82.50120234718285,7.331998467804166,Y
16.10410649406524,75.61613109394078,88.56020142008947,71.26181745085869,12.173850322784457,Y
12.377153412633117,76.02221466029559,82.12196968930506,86.3975933488008,0.0,Y
12.513724037454073,67.53364589834962,75.17167598238396,88.14583182450473,7.09108983303973,Y
4.130600177955137,79.0103113550766,90.33953169081776,70.84158876396987,4.743450441803278,Y
17.487158415898133,89.28851171768866,79.48284387854858,73.80473648736678,20.479217509045796,Y
17.972211958745984,83.39473493881117,75.9379882553129,79.75485329580981,9.198199594775847,Y
11.654256523077889,87.25500719065668,84.39708520568702,74.61311961507622,16.882482250097688,Y
11.565660700065777,83.43532897929458,87.33270429639302,74.44209875243224,9.820872106467686,Y
7.342727243203925,72.16070287317272,81.7335498880246,92.55778275792211,0.7996112774712358,Y
9.838596944752648,83.20271467537387,80.61539100828091,79.4343597374213,3.503918182770879,Y
11.163933714700818,76.21618011492036,69.05039147510723,85.97296110256866,14.791929099210211,Y
10.258304884255399,81.14537344102851,85.37159006357781,81.12169828389041,14.520087773806573,Y
8.51258899563075,86.55991869286973,81.60392862966341,80.97025971802937,3.64969455643984,Y
11.434779271508544,75.84022541252774,76.80858636735753,75.92312185841939,4.668825340503875,Y
20.62385701508481,86.65669530994202,89.60183751072131,73.88552490222219,10.356268749554463,Y
3.5324618739795213,76.52152561401468,75.40936508291712,86.1979200322078,8.0188516094912,Y
15.341896668470081,83.02060444794259,91.51819376052394,72.60277888430139,16.296166198933996,Y
15.732204352003638,75.13310580986483,85.0356666823658,81.68072481513114,8.86261870023296,Y
5.880322565140002,76.40445274275407,90.24906047892964,80.00341409478742,13.910650007657296,Y
6.045503091662234,76.10073526889181,85.40992404624971,73.25211894224233,7.923931160473643,Y
10.17013705536116,80.55686300920026,79.10453357491922,81.97909890547962,13.464278779089058,Y
13.67318772729665,75.07098095666086,78.57922451035601,85.9738143093847,14.473235937869362,Y
3.13570274259468,81.75739950176101,70.10887375312595,80.23467451030184,19.488835083729885,Y
5.2605364136550685,75.8283847725421,83.8201489078643,72.28599242395177,6.836224850574805,Y
12.982205687908763,76.82857076155298,78.82015006394514,83.72092855157517,12.107730417682806,Y
11.334091981477009,78.30438860364981,81.85030557634478,79.38133659950121,12.289028049628923,Y
7.515339874410109,79.0871551281023,75.05021103723993,79.82496194996882,5.944995681855776,Y
4.429767749190034,81.29330573927695,81.0636988792883,83.91436867474286,7.844372152124505,Y
12.040264234183779,82.75398786136832,82.22386903915798,75.8717315859893,10.746817411355945,Y
11.820701480273307,80.03589233453971,69.56761170814458,80.8024481198674,21.06265519698621,Y
8.199803656215087,76.35961451072339,81.86674279855698,81.56189105233285,15.963675827082072,Y
3.710659220455561,83.65690126287497,82.95211030625731,79.28926731529727,11.69343658960845,Y
15.147287407991787,84.36157690014225,74.28490343963136,84.10079093377742,9.676556974837407,Y
10.364370490077578,80.36598495500847,79.2487850560087,85.95853748553533,9.58141020075394,Y
4.4022693580841565,78.03235072015136,80.89347358405237,86.14607392148525,13.015473424744169,Y
5.74732360626478,92.42594958339446,81.32387655488989,86.37695368999508,9.241427832113855,Y
12.666796223527246,84.19734252259202,86.09097355877128,85.28684152689112,14.360985000364888,Y
8.424566344029458,77.1412697902197,81.66303755162099,84.66564036170534,8.886396496116966,Y
15.325859828571932,87.2630837274309,75.4183954046329,75.8153964810186,9.298124705473318,Y
11.538063340945982,77.37716493116474,86.76101339433572,82.12033430759226,10.197235241203698,Y
2.820452380657362,73.42092091786246,81.40504625140903,69.33702186922582,15.063187048220358,Y
9.209230778138398,96.21546484797366,91.53958125308056,79.09275465376241,9.468314987343426,Y
14.97790757001015,88.5158630495902,71.80985471281991,71.06812267322657,6.889825972228093,Y
12.913687915869321,82.48436795253798,85.34885727491925,74.00151235817346,0.0,Y
14.290070976510727,75.85901863517383,69.90756067805681,80.72531872979691,13.965878441093388,Y
9.389714339393613,77.71075806908755,79.20318883927047,78.14708618799608,3.259764440299165,Y
6.426596615047841,82.60639952506907,81.6083927068825,80.8402990298341,5.024257590733103,Y
9.092484189321665,69.11467476778573,80.89238331942695,87.14428853906784,2.629339339789471,Y
