flex_1,flex_2,flex_3,flex_4,flex_5,accel_x,accel_y,accel_z,gyro_x,gyro_y,gyro_z,label
2.9,1.97,2.0,2.3,3.16,4484.0,15520.0,-300.0,-118.0,104.0,-382.0,J
2.91,1.97,2.0,2.29,3.15,4516.0,15560.0,-216.0,-166.0,-151.0,-425.0,J
2.93,1.9900000000000002,1.92,2.3,3.2,4484.0,15520.0,-280.0,-202.0,-295.0,-418.0,J
2.89,1.97,1.97,2.3,3.2,4628.0,15536.0,-136.0,-234.0,-374.0,-378.0,J
2.92,1.97,1.97,2.31,3.2199999999999998,4452.0,15640.0,-84.0,-206.0,-385.0,-458.0,J
2.91,1.9799999999999998,1.8900000000000001,2.3,3.12,4688.0,15548.0,-156.0,-223.0,-625.0,-566.0,J
2.91,1.9299999999999997,1.97,2.28,2.91,4788.0,15464.0,-160.0,-29.0,-67.0,-477.0,J
2.94,1.96,1.9900000000000002,2.3,3.2099999999999995,4524.0,15716.0,-436.0,-23.0,-265.0,-495.0,J
2.91,1.97,1.9900000000000002,2.29,3.2,4644.0,15640.0,-168.0,19.0,-470.0,-501.0,J
2.88,1.95,2.0,2.3,3.2,4428.0,15676.0,-168.0,160.0,-242.0,-499.0,J
2.91,1.9900000000000002,1.9900000000000002,2.3,3.19,4380.0,15828.0,-312.0,92.0,-871.0,-740.0,J
2.92,1.9299999999999997,2.0,2.3,3.2,4496.0,15624.0,-112.0,296.0,-790.0,-830.0,J
2.93,1.9900000000000002,2.0,2.3,3.2,4904.0,15644.0,-196.0,362.0,-718.0,-847.0,J
2.93,1.96,2.0,2.3,3.2099999999999995,4700.0,15620.0,-16.0,438.0,-499.0,-688.0,J
2.95,1.95,2.0,2.3,3.2199999999999998,4664.0,15668.0,-124.0,574.0,-175.0,-498.0,J
2.93,1.92,1.94,2.3,3.2099999999999995,4652.0,15632.0,-64.0,521.0,-306.0,-478.0,J
2.96,1.95,1.9900000000000002,2.3,3.2099999999999995,4172.0,15592.0,0.0,773.0,24.0,-427.0,J
3.04,1.9799999999999998,1.96,2.3,3.16,4336.0,15540.0,-408.0,640.0,-664.0,-697.0,J
2.83,1.96,2.0,2.3,3.2099999999999995,4576.0,15448.0,-312.0,871.0,-574.0,-680.0,J
2.94,1.9799999999999998,2.0,2.27,3.2,4388.0,15480.0,-256.0,880.0,-445.0,-596.0,J
3.01,1.9900000000000002,2.0,2.28,3.2099999999999995,4456.0,15380.0,-360.0,751.0,-744.0,-613.0,J
2.91,1.8900000000000001,1.94,2.29,3.2199999999999998,4432.0,15252.0,-400.0,847.0,-625.0,-574.0,J
2.95,1.9900000000000002,1.96,2.31,3.15,4260.0,15304.0,-428.0,819.0,-504.0,-566.0,J
2.88,1.9299999999999997,2.01,2.31,3.18,4172.0,15236.0,-540.0,827.0,-501.0,-682.0,J
2.89,1.9799999999999998,2.0,2.31,3.1300000000000003,4268.0,15236.0,-728.0,754.0,-488.0,-698.0,J
2.92,1.95,1.96,2.3,3.2,4144.0,15148.0,-968.0,835.0,-131.0,-637.0,J
2.93,1.9900000000000002,2.0,2.3,3.2,4200.0,15128.0,-732.0,650.0,-371.0,-648.0,J
2.88,1.9799999999999998,1.9900000000000002,2.3,3.2199999999999998,4248.0,15104.0,-808.0,790.0,165.0,-473.0,J
2.92,1.91,1.92,2.29,3.11,4040.0,15084.0,-872.0,615.0,-21.0,-338.0,J
2.91,1.97,1.97,2.31,3.1400000000000006,3700.0,15004.0,-988.0,530.0,21.0,-345.0,J
2.93,1.94,1.97,2.31,3.17,3900.0,14808.0,-1128.0,246.0,-502.0,-500.0,J
2.98,1.97,1.91,2.28,3.16,3740.0,14636.0,-740.0,455.0,39.0,-294.0,J
2.95,1.95,1.97,2.2,3.15,3852.0,14560.0,-832.0,-73.0,-554.0,-433.0,J
2.93,2.0,1.9900000000000002,2.31,3.2,4044.0,14072.0,-760.0,-10.0,-212.0,-211.0,J
2.92,2.0,1.97,2.3,3.19,3824.0,13752.0,-784.0,-333.0,155.0,-139.0,J
2.95,1.9,2.0,2.31,3.2099999999999995,3656.0,13564.0,-888.0,-264.0,483.0,-112.0,J
2.91,1.97,1.97,2.27,3.1400000000000006,3420.0,12996.0,-904.0,-337.0,670.0,-30.0,J
2.93,1.9799999999999998,1.97,2.31,3.2,3120.0,12664.0,-1324.0,-68.0,756.0,-161.0,J
2.93,2.01,2.0,2.31,3.2,3080.0,12440.0,-864.0,114.0,290.0,-227.0,J
2.95,2.0,1.9900000000000002,2.25,3.2,2968.0,12780.0,-224.0,-56.0,356.0,-173.0,J
2.91,2.01,2.01,2.3,3.2099999999999995,2916.0,12980.0,164.0,-628.0,266.0,-7.0,J
2.92,2.01,2.01,2.3,3.19,3348.0,12920.0,320.0,-1020.0,366.0,226.0,J
2.94,2.0,2.01,2.27,3.2199999999999998,3324.0,12724.0,464.0,-1098.0,1561.0,876.0,J
2.95,2.01,2.0,2.3,3.2199999999999998,3360.0,12728.0,284.0,-840.0,2647.0,1530.0,J
2.95,2.02,2.0,2.3,3.2099999999999995,3608.0,12616.0,-264.0,-808.0,2911.0,1921.0,J
2.92,2.02,1.97,2.28,3.2,3656.0,12700.0,-296.0,-604.0,3754.0,2386.0,J
2.92,1.92,1.9799999999999998,2.29,3.2099999999999995,3896.0,13284.0,-712.0,-385.0,4307.0,2378.0,J
2.96,1.9900000000000002,1.9900000000000002,2.27,3.2,4416.0,13616.0,-164.0,-1051.0,4136.0,2212.0,J
2.94,2.02,1.96,2.3,3.2,5100.0,13936.0,56.0,-1766.0,4714.0,2283.0,J
2.91,2.03,2.01,2.26,3.16,5404.0,13976.0,268.0,-2294.0,5283.0,2545.0,J
2.98,1.9900000000000002,2.0,2.27,3.2300000000000004,5428.0,14008.0,268.0,-2366.0,5866.0,2998.0,J
2.91,1.97,1.9299999999999997,2.21,3.18,5168.0,14220.0,52.0,-2567.0,5827.0,3292.0,J
2.89,2.03,1.97,2.28,3.29,5076.0,14312.0,-136.0,-2704.0,5244.0,3346.0,J
2.96,2.02,2.05,2.3,3.2,5548.0,14340.0,-360.0,-2719.0,4187.0,3324.0,J
2.94,2.01,2.0,2.3,3.2099999999999995,5392.0,14464.0,-320.0,-2934.0,2930.0,3134.0,J
2.94,2.02,1.9299999999999997,2.29,3.1400000000000006,5804.0,14284.0,12.0,-3443.0,1575.0,2745.0,J
2.9,1.97,2.01,2.31,3.18,6024.0,13884.0,452.0,-3877.0,1129.0,2449.0,J
2.93,2.02,2.02,2.3,3.19,6312.0,13080.0,832.0,-4236.0,898.0,2385.0,J
2.94,2.0,2.0,2.18,3.17,6192.0,12284.0,1452.0,-4829.0,922.0,2469.0,J
2.94,2.04,2.01,2.28,3.2,6384.0,12880.0,1548.0,-5247.0,1789.0,2833.0,J
2.86,2.02,2.01,2.28,3.18,6032.0,13852.0,1316.0,-5790.0,2028.0,2823.0,J
2.95,1.95,2.01,2.31,3.2099999999999995,6448.0,14604.0,1760.0,-6031.0,2659.0,2720.0,J
2.94,2.04,2.0,2.3,3.2099999999999995,6244.0,14960.0,1896.0,-5435.0,4868.0,2861.0,J
2.93,2.0,1.91,2.29,3.2300000000000004,6364.0,14524.0,1712.0,-5092.0,5704.0,2913.0,J
2.88,2.03,2.01,2.27,3.2099999999999995,6036.0,13896.0,1676.0,-5133.0,6132.0,3718.0,J
2.88,2.03,1.97,2.3,3.2099999999999995,6640.0,13072.0,2148.0,-5272.0,5695.0,3866.0,J
2.94,2.04,1.9900000000000002,2.31,3.2199999999999998,6760.0,12360.0,1524.0,-4966.0,5948.0,4996.0,J
2.96,2.0,2.0,2.3,3.2,6800.0,12964.0,1064.0,-4563.0,4403.0,5626.0,J
2.92,2.04,1.9799999999999998,2.27,3.16,6860.0,13804.0,1452.0,-3522.0,2931.0,5899.0,J
2.94,1.9900000000000002,1.96,2.28,3.2099999999999995,7484.0,14856.0,1584.0,-3581.0,825.0,5811.0,J
2.93,2.03,1.9900000000000002,2.31,3.2199999999999998,8212.0,14948.0,1664.0,-4129.0,208.0,5469.0,J
2.96,2.03,2.0,2.3,3.2,9532.0,14072.0,2024.0,-4563.0,875.0,5585.0,J
2.88,1.97,2.02,2.31,3.17,9884.0,13112.0,2996.0,-3878.0,3922.0,5874.0,J
2.97,2.0,2.01,2.31,3.2,8948.0,12992.0,3128.0,-3535.0,5807.0,6409.0,J
2.93,1.9799999999999998,1.9900000000000002,2.31,3.2,9376.0,13552.0,3476.0,-4921.0,4748.0,5725.0,J
2.95,2.08,2.01,2.24,3.19,10188.0,13756.0,3808.0,-5632.0,5138.0,5785.0,J
2.91,2.04,2.0,2.3,3.2099999999999995,10512.0,14828.0,3216.0,-5805.0,4982.0,6088.0,J
3.0,2.05,2.02,2.3,3.2199999999999998,10172.0,16048.0,2804.0,-6857.0,3367.0,5766.0,J
2.9,2.03,1.91,2.3,3.16,10256.0,15880.0,2500.0,-7548.0,1783.0,5014.0,J
2.96,1.9900000000000002,1.9799999999999998,2.27,3.2099999999999995,10484.0,15224.0,2664.0,-8360.0,674.0,4091.0,J
2.99,2.05,2.0,2.23,3.17,11104.0,14616.0,4072.0,-8846.0,854.0,3631.0,J
2.94,2.05,2.01,2.29,3.1300000000000003,11768.0,14312.0,4816.0,-9096.0,1191.0,3614.0,J
2.88,2.05,2.01,2.3,3.2300000000000004,12368.0,14224.0,5440.0,-9340.0,1223.0,4070.0,J
2.93,2.04,2.0,2.29,3.2099999999999995,12168.0,14692.0,4780.0,-9477.0,358.0,4754.0,J
2.94,1.95,2.02,2.3,3.2,11588.0,15372.0,4120.0,-9604.0,-1748.0,4852.0,J
2.91,2.05,1.9900000000000002,2.29,3.2,11616.0,15948.0,4056.0,-9428.0,-2987.0,4395.0,J
2.94,2.03,1.97,2.3,3.15,11836.0,15720.0,4616.0,-9793.0,-4093.0,3675.0,J
2.89,1.9900000000000002,2.01,2.26,3.2400000000000007,11472.0,15476.0,5040.0,-10145.0,-3512.0,3025.0,J
2.93,2.04,1.9799999999999998,2.3,3.16,11724.0,14840.0,5332.0,-10198.0,-3642.0,2203.0,J
2.9,2.03,2.01,2.3,3.2400000000000007,12384.0,14120.0,5904.0,-9924.0,-2279.0,2276.0,J
3.02,1.9799999999999998,1.9799999999999998,2.28,3.17,12944.0,14108.0,6720.0,-9937.0,259.0,3751.0,J
2.95,1.92,2.01,2.31,3.2,11144.0,14112.0,5568.0,-9272.0,1770.0,5187.0,J
2.95,2.02,2.01,2.31,3.2,9424.0,14332.0,4696.0,-8707.0,-1846.0,4982.0,J
2.88,2.02,2.01,2.31,3.2199999999999998,9736.0,14212.0,5156.0,-8670.0,-5441.0,4186.0,J
2.91,2.03,2.02,2.3,3.19,10600.0,13912.0,5960.0,-8244.0,-5442.0,4168.0,J
2.91,2.02,1.9900000000000002,2.29,3.2,11216.0,13952.0,6236.0,-8167.0,-4839.0,4004.0,J
2.98,1.96,1.96,2.3,3.19,11088.0,13936.0,6020.0,-8024.0,-5438.0,3518.0,J
2.96,1.97,1.9799999999999998,2.31,3.2099999999999995,11912.0,14072.0,6476.0,-8391.0,-7128.0,2693.0,J
2.7,2.02,1.96,2.32,3.2,12936.0,13748.0,7256.0,-8776.0,-7497.0,2388.0,J
2.88,2.01,2.01,2.31,3.2099999999999995,12976.0,13728.0,7184.0,-8473.0,-6677.0,2231.0,J
2.91,2.01,2.03,2.3,3.2,11992.0,13836.0,7024.0,-7462.0,-7040.0,1656.0,J
2.91,2.02,2.01,2.28,3.2099999999999995,11868.0,13852.0,7128.0,-7375.0,-9011.0,150.0,J
2.94,1.9299999999999997,2.01,2.31,3.19,12836.0,13688.0,7648.0,-6853.0,-9393.0,-1034.0,J
2.95,2.01,2.01,2.31,3.2,13472.0,13408.0,8148.0,-6144.0,-8581.0,-1726.0,J
3.02,1.9799999999999998,1.9900000000000002,2.17,3.2199999999999998,13580.0,13788.0,8196.0,-5727.0,-8963.0,-2500.0,J
3.09,2.02,2.01,2.29,3.18,13284.0,13792.0,8004.0,-5526.0,-9819.0,-3201.0,J
2.89,1.97,1.9799999999999998,2.3,3.2,13512.0,14292.0,8332.0,-4830.0,-10415.0,-4391.0,J
2.95,2.02,1.9799999999999998,2.31,3.2199999999999998,13496.0,14332.0,8464.0,-4166.0,-9859.0,-5288.0,J
2.87,2.01,2.01,2.31,3.2099999999999995,13396.0,13996.0,8228.0,-3234.0,-8983.0,-5961.0,J
2.89,2.02,1.97,2.31,3.16,13436.0,13828.0,8316.0,-1880.0,-8471.0,-6669.0,J
2.92,1.9900000000000002,1.97,2.31,3.2,14076.0,13496.0,8808.0,-713.0,-7958.0,-7282.0,J
2.88,2.02,2.02,2.31,3.2,13952.0,13808.0,9248.0,167.0,-6286.0,-7218.0,J
2.94,1.95,2.02,2.31,3.15,12532.0,14336.0,8812.0,613.0,-6146.0,-7471.0,J
2.9,2.03,2.02,2.31,3.2,11076.0,14156.0,8292.0,1763.0,-5207.0,-8229.0,J
3.03,1.97,2.02,2.31,3.2099999999999995,9984.0,14188.0,8620.0,3407.0,-4849.0,-9288.0,J
2.97,1.9900000000000002,2.03,2.31,3.2,9400.0,14760.0,9240.0,4274.0,-4781.0,-10239.0,J
2.97,1.9900000000000002,2.0,2.31,3.2,9648.0,14516.0,9156.0,4899.0,-5333.0,-10536.0,J
2.98,2.03,2.0,2.3,3.2400000000000007,9632.0,14524.0,8832.0,4953.0,-5891.0,-10551.0,J
2.94,1.92,2.01,2.31,3.2099999999999995,9076.0,14576.0,8268.0,5183.0,-6190.0,-9832.0,J
2.93,1.92,1.96,2.31,3.16,8112.0,14636.0,7440.0,5751.0,-6095.0,-9333.0,J
2.92,2.0,2.03,2.29,3.2099999999999995,7284.0,14592.0,6832.0,6360.0,-6412.0,-9348.0,J
2.97,2.02,2.01,2.3,3.2,7328.0,14628.0,6448.0,6955.0,-6083.0,-9468.0,J
2.89,2.0,1.9900000000000002,2.24,3.15,6956.0,14608.0,6304.0,7221.0,-6218.0,-9293.0,J
2.93,2.01,2.02,2.31,3.2099999999999995,7052.0,14756.0,5656.0,7440.0,-6008.0,-8800.0,J
3.02,2.01,2.01,2.31,3.2300000000000004,6740.0,14880.0,5224.0,7532.0,-5711.0,-8000.0,J
2.93,2.02,1.9900000000000002,2.31,3.17,6436.0,15104.0,4672.0,7594.0,-5444.0,-7423.0,J
2.97,1.94,2.02,2.31,3.2099999999999995,6804.0,14972.0,4120.0,7493.0,-5346.0,-7003.0,J
2.94,2.04,2.02,2.39,3.15,6108.0,14984.0,3884.0,8045.0,-3806.0,-6466.0,J
2.95,1.9799999999999998,2.02,2.31,3.15,6164.0,14916.0,3684.0,7918.0,-3451.0,-6283.0,J
2.91,2.04,2.0,2.31,3.18,6076.0,14636.0,3556.0,8056.0,-2125.0,-5838.0,J
2.97,2.01,2.02,2.31,3.2199999999999998,6176.0,14348.0,3136.0,7828.0,-1226.0,-5602.0,J
2.95,2.03,2.02,2.22,3.19,5888.0,14236.0,3168.0,8096.0,162.0,-5193.0,J
3.02,2.03,2.02,2.25,3.18,5368.0,14196.0,3224.0,8103.0,1476.0,-4957.0,J
2.95,2.03,1.95,2.32,2.98,4920.0,13880.0,3128.0,7685.0,1544.0,-5146.0,J
2.95,2.03,2.03,2.3,3.2300000000000004,4696.0,13832.0,3420.0,7615.0,2309.0,-5318.0,J
2.88,2.03,2.0,2.28,3.11,4844.0,13416.0,3148.0,7395.0,2893.0,-5411.0,J
2.87,2.01,2.01,2.31,3.2099999999999995,4816.0,12988.0,2940.0,7796.0,4589.0,-4976.0,J
2.88,2.03,1.9900000000000002,2.3,3.2,4576.0,12560.0,2500.0,7641.0,5414.0,-4666.0,J
2.98,2.0,1.9799999999999998,2.31,3.17,4428.0,12092.0,1852.0,7912.0,6128.0,-4156.0,J
2.9,2.03,2.01,2.31,3.2099999999999995,3900.0,11724.0,1648.0,7779.0,5701.0,-3590.0,J
2.93,1.9799999999999998,2.01,2.31,3.17,3624.0,11388.0,1132.0,7285.0,4997.0,-3195.0,J
2.97,1.9900000000000002,2.01,2.24,3.2099999999999995,3608.0,10912.0,488.0,6940.0,4191.0,-2493.0,J
2.93,1.97,1.92,2.28,2.98,3672.0,10748.0,-176.0,6089.0,1859.0,-2267.0,J
2.98,2.02,1.9900000000000002,2.22,3.16,4752.0,10196.0,128.0,5964.0,1294.0,-1988.0,J
2.86,2.01,2.01,2.3,3.2,5376.0,10152.0,-764.0,5759.0,1780.0,-1191.0,J
2.98,2.01,2.02,2.31,3.2300000000000004,5148.0,10580.0,-1256.0,4497.0,797.0,-1367.0,J
2.93,2.02,1.9799999999999998,2.3,3.2099999999999995,6260.0,10576.0,-1540.0,3942.0,42.0,-1359.0,J
2.93,2.03,1.96,2.31,3.2099999999999995,6640.0,10764.0,-2164.0,3216.0,-173.0,-1220.0,J
2.91,1.91,1.9900000000000002,2.29,3.2,7236.0,11572.0,-2328.0,1912.0,-839.0,-1468.0,J
2.93,1.9900000000000002,1.9799999999999998,2.3,3.18,7412.0,12100.0,-2560.0,1116.0,340.0,-1554.0,J
2.95,2.0,1.94,2.3,3.2199999999999998,7504.0,12544.0,-2664.0,66.0,1409.0,-1743.0,J
2.97,1.97,2.0,2.31,3.2099999999999995,7464.0,13100.0,-2396.0,-443.0,2763.0,-1721.0,J
2.87,2.01,2.02,2.3,3.2,7284.0,13684.0,-2000.0,-797.0,3657.0,-1400.0,J
2.9,2.03,2.02,2.28,3.16,7000.0,14104.0,-1920.0,-1079.0,4356.0,-1047.0,J
2.98,2.01,2.01,2.3,3.1400000000000006,6672.0,14356.0,-1940.0,-1174.0,5055.0,-520.0,J
3.03,1.9900000000000002,1.9900000000000002,2.31,3.2,6388.0,14556.0,-1840.0,-1598.0,4947.0,-67.0,J
3.04,2.0,2.03,2.31,3.01,5920.0,14952.0,-1688.0,-1533.0,4571.0,387.0,J
2.89,2.04,2.01,2.28,3.2199999999999998,5960.0,15276.0,-1696.0,-1743.0,2596.0,535.0,J
2.98,2.02,2.01,2.31,3.2,6004.0,15240.0,-1172.0,-1950.0,964.0,725.0,J
2.93,1.9900000000000002,2.01,2.28,3.15,6280.0,15060.0,-1052.0,-2227.0,-352.0,894.0,J
2.94,1.92,1.9900000000000002,2.28,3.16,6576.0,15072.0,-804.0,-2295.0,-1048.0,950.0,J
2.95,1.97,2.0,2.31,3.16,6860.0,15280.0,-520.0,-2138.0,-1696.0,885.0,J
2.93,2.01,2.01,2.3,3.2099999999999995,7180.0,15124.0,-236.0,-1866.0,-1809.0,737.0,J
2.97,1.9799999999999998,2.01,2.3,3.15,7240.0,15312.0,-180.0,-1666.0,-1335.0,584.0,J
2.94,1.9799999999999998,1.9799999999999998,2.31,3.2199999999999998,7368.0,15200.0,0.0,-1519.0,-968.0,225.0,J
2.95,2.0,1.9900000000000002,2.31,3.18,7288.0,15292.0,-252.0,-1184.0,-156.0,-37.0,J
2.98,2.01,1.9900000000000002,2.3,3.2300000000000004,7196.0,15268.0,-36.0,-983.0,156.0,-316.0,J
2.93,2.01,2.03,2.29,3.2099999999999995,6916.0,15308.0,-308.0,-714.0,473.0,-507.0,J
2.94,2.01,1.97,2.25,3.19,6556.0,15308.0,-156.0,-618.0,502.0,-673.0,J
2.96,2.0,2.01,2.23,3.16,6408.0,15244.0,-276.0,-533.0,459.0,-800.0,J
2.93,1.91,1.9900000000000002,2.3,3.2099999999999995,6288.0,15196.0,-312.0,-397.0,277.0,-814.0,J
2.92,2.0,2.02,2.3,3.2099999999999995,6012.0,15132.0,-232.0,-341.0,54.0,-893.0,J
2.97,1.9900000000000002,1.9299999999999997,2.27,3.2300000000000004,6060.0,15004.0,-372.0,-277.0,-132.0,-962.0,J
2.94,1.97,2.02,2.3,3.17,5792.0,14984.0,-268.0,-114.0,-60.0,-824.0,J
2.86,1.95,2.02,2.3,3.18,5808.0,14844.0,-348.0,-187.0,-302.0,-834.0,J
2.94,1.9900000000000002,2.02,2.31,3.2199999999999998,5788.0,14704.0,-408.0,-59.0,-322.0,-718.0,J
2.88,2.0,1.96,2.31,3.2199999999999998,5768.0,14620.0,-364.0,-166.0,-476.0,-719.0,J
2.97,1.97,1.97,2.31,3.2,5884.0,14568.0,-380.0,-174.0,-265.0,-684.0,J
2.98,2.0,1.9799999999999998,2.3,3.19,5944.0,14468.0,-460.0,-265.0,-209.0,-704.0,J
2.96,2.0,2.02,2.28,3.2,5828.0,14324.0,-600.0,-195.0,65.0,-643.0,J
2.92,2.01,1.97,2.28,3.2199999999999998,5880.0,14344.0,-424.0,-401.0,-170.0,-726.0,J
2.98,1.9,1.97,2.31,3.2099999999999995,5888.0,14328.0,-320.0,-340.0,218.0,-553.0,J
2.95,1.9900000000000002,2.0,2.3,3.2,5688.0,14472.0,-444.0,-478.0,113.0,-523.0,J
2.95,2.0,2.06,2.28,3.16,5916.0,14432.0,-544.0,-489.0,14.0,-410.0,J
2.98,1.92,1.9799999999999998,2.31,3.2099999999999995,5908.0,14376.0,-424.0,-607.0,6.0,-302.0,J
2.89,1.94,2.0,2.3,3.2,5888.0,14432.0,-536.0,-799.0,-110.0,-254.0,J
2.99,1.9,1.97,2.27,3.2099999999999995,6128.0,14356.0,-576.0,-856.0,-9.0,-160.0,J
2.93,2.0,1.9799999999999998,2.31,3.08,5980.0,14440.0,-612.0,-1007.0,-138.0,-124.0,J
2.88,1.95,1.97,2.31,3.1300000000000003,6016.0,14424.0,-560.0,-1012.0,-20.0,-115.0,J
2.9,1.96,1.9799999999999998,2.28,3.2300000000000004,6144.0,14368.0,-636.0,-1241.0,-245.0,-158.0,J
2.92,2.0,2.01,2.31,3.2099999999999995,6092.0,14480.0,-608.0,-1360.0,-215.0,-188.0,J
2.97,1.95,2.01,2.31,3.18,5992.0,14596.0,-464.0,-1565.0,-261.0,-238.0,J
2.93,1.9799999999999998,2.01,2.31,3.2199999999999998,6120.0,14656.0,-472.0,-1785.0,-301.0,-294.0,J
2.92,1.9900000000000002,1.95,2.3,3.18,6080.0,14372.0,-348.0,-1890.0,-54.0,-279.0,J
2.94,1.95,2.02,2.31,3.15,6056.0,14208.0,-428.0,-1997.0,24.0,-317.0,J
2.85,2.0,1.9799999999999998,2.3,3.2199999999999998,5936.0,14084.0,-444.0,-2147.0,-91.0,-375.0,J
2.95,1.9299999999999997,2.01,2.28,3.2199999999999998,6076.0,14084.0,-252.0,-2292.0,-234.0,-398.0,J
2.96,1.9299999999999997,2.0,2.28,3.2,5868.0,14252.0,-196.0,-2522.0,-503.0,-437.0,J
3.05,2.0,1.96,2.3,3.2400000000000007,5952.0,14120.0,-52.0,-2663.0,-630.0,-428.0,J
2.85,1.96,2.02,2.25,3.18,6040.0,14172.0,240.0,-2820.0,-411.0,-324.0,J
2.93,1.9900000000000002,2.01,2.28,3.2,5852.0,14044.0,216.0,-2861.0,108.0,-129.0,J
2.87,2.0,1.92,2.28,3.2099999999999995,5684.0,14036.0,228.0,-3048.0,10.0,-31.0,J
2.94,1.9799999999999998,2.01,2.17,3.15,5672.0,14096.0,-28.0,-2946.0,304.0,200.0,J
2.97,1.9900000000000002,2.01,2.3,3.2199999999999998,5764.0,14508.0,80.0,-3032.0,-132.0,323.0,J
2.94,1.9799999999999998,2.01,2.31,3.17,5668.0,15092.0,108.0,-3065.0,-173.0,367.0,J
2.96,1.95,1.9900000000000002,2.27,3.15,5984.0,15192.0,176.0,-3108.0,-284.0,359.0,J
2.95,1.95,2.0,2.3,3.16,5920.0,15184.0,532.0,-3010.0,-140.0,396.0,J
2.86,1.9799999999999998,2.02,2.2,3.18,5992.0,14920.0,608.0,-2899.0,80.0,401.0,J
2.93,1.9799999999999998,2.02,2.31,3.2,5936.0,14852.0,1004.0,-2957.0,147.0,382.0,J
2.92,1.95,1.96,2.3,3.2099999999999995,5736.0,14724.0,1260.0,-3152.0,392.0,432.0,J
2.92,1.92,2.0,2.31,3.16,5556.0,14128.0,1624.0,-3363.0,262.0,500.0,J
2.94,1.9799999999999998,1.9900000000000002,2.3,3.2,5228.0,13580.0,1356.0,-3511.0,442.0,634.0,J
2.95,1.97,2.0,2.24,3.15,5288.0,12944.0,1576.0,-3761.0,709.0,865.0,J
2.89,1.97,2.01,2.3,3.2300000000000004,5036.0,12332.0,1680.0,-3986.0,894.0,1173.0,J
2.93,1.97,2.0,2.29,3.08,5080.0,12428.0,1420.0,-4507.0,584.0,1424.0,J
2.92,1.9299999999999997,2.0,2.3,3.2099999999999995,5128.0,12792.0,1680.0,-4880.0,487.0,1628.0,J
2.91,1.95,2.0,2.31,3.2099999999999995,5148.0,12904.0,1552.0,-5496.0,121.0,1791.0,J
2.88,1.87,1.9900000000000002,2.3,3.16,5472.0,12956.0,1872.0,-5856.0,322.0,2025.0,J
2.89,1.9900000000000002,1.94,2.27,3.18,5416.0,13088.0,2120.0,-6168.0,802.0,2289.0,J
2.97,1.94,1.95,2.31,3.18,5680.0,12988.0,1980.0,-6426.0,913.0,2369.0,J
2.86,1.97,1.9900000000000002,2.31,3.17,6008.0,12980.0,2000.0,-6196.0,811.0,2645.0,J
2.92,1.9799999999999998,2.01,2.3,3.2,6276.0,13444.0,2032.0,-6383.0,158.0,2600.0,J
2.95,1.95,1.94,2.29,3.15,7028.0,14048.0,2396.0,-6603.0,382.0,2752.0,J
3.0,1.95,2.01,2.3,3.19,7412.0,14612.0,2512.0,-6690.0,667.0,2815.0,J
2.87,1.9900000000000002,2.02,2.31,3.2199999999999998,7400.0,15020.0,2956.0,-6808.0,952.0,2782.0,J
2.85,1.96,2.02,2.31,3.2,7524.0,14908.0,3236.0,-7103.0,1136.0,2728.0,J
2.93,1.96,1.96,2.3,3.2099999999999995,7568.0,14600.0,3396.0,-7192.0,1739.0,2705.0,J
3.03,1.9900000000000002,1.96,2.28,3.15,7664.0,14484.0,3672.0,-6899.0,2185.0,2830.0,J
2.93,1.97,2.02,2.3,3.19,7624.0,14256.0,4244.0,-6603.0,2620.0,2788.0,J
2.84,1.96,1.9900000000000002,2.3,3.2199999999999998,7388.0,14584.0,5000.0,-5841.0,3781.0,2880.0,J
2.91,1.9900000000000002,2.0,2.3,3.2,7016.0,14876.0,5504.0,-5765.0,3603.0,2570.0,J
2.95,1.97,1.9799999999999998,2.32,3.2400000000000007,7140.0,14892.0,5848.0,-5797.0,2312.0,2188.0,J
2.91,1.9799999999999998,2.01,2.22,3.18,7676.0,15032.0,5728.0,-5680.0,808.0,2007.0,J
2.95,1.9799999999999998,1.96,2.31,3.2,7484.0,15444.0,5716.0,-6234.0,398.0,1621.0,J
2.93,1.9799999999999998,1.95,2.18,3.2,7996.0,15748.0,5744.0,-6203.0,96.0,1176.0,J
2.96,1.9799999999999998,2.01,2.19,3.2199999999999998,8136.0,15568.0,5576.0,-5560.0,357.0,888.0,J
2.78,1.9799999999999998,2.0,2.33,3.17,5076.0,15144.0,-936.0,251.0,-147.0,-170.0,J
2.85,1.9900000000000002,2.02,2.32,3.05,5296.0,15080.0,-996.0,40.0,-499.0,-216.0,J
2.77,2.0,2.02,2.35,3.2300000000000004,5412.0,15228.0,-596.0,156.0,-105.0,-147.0,J
2.86,1.9299999999999997,2.02,2.33,3.2,5372.0,15140.0,-1108.0,102.0,-366.0,-198.0,J
2.83,1.97,2.0,2.35,3.19,5380.0,15256.0,-1016.0,249.0,-70.0,-175.0,J
2.81,1.9900000000000002,2.02,2.34,3.07,5372.0,15236.0,-1120.0,141.0,-237.0,-240.0,J
2.81,2.0,2.03,2.31,3.25,5400.0,15156.0,-912.0,243.0,12.0,-199.0,J
2.8,2.03,1.97,2.33,3.2400000000000007,5488.0,15280.0,-944.0,166.0,43.0,-222.0,J
2.75,1.95,1.9900000000000002,2.36,3.2099999999999995,5512.0,15232.0,-904.0,310.0,80.0,-195.0,J
2.83,1.97,2.0,2.33,3.17,5276.0,15240.0,-1152.0,325.0,-8.0,-185.0,J
2.78,2.0,2.02,2.34,3.2300000000000004,5364.0,15200.0,-1184.0,346.0,-37.0,-121.0,J
2.82,2.0,1.9900000000000002,2.31,3.2400000000000007,5256.0,15252.0,-1432.0,258.0,-460.0,-250.0,J
2.83,1.96,2.04,2.36,3.25,5616.0,15028.0,-1128.0,200.0,-489.0,-280.0,J
2.81,1.97,2.0,2.33,3.2,5372.0,15144.0,-1320.0,425.0,9.0,-265.0,J
2.81,1.96,2.03,2.35,3.2300000000000004,5544.0,15080.0,-1200.0,302.0,-324.0,-341.0,J
2.83,1.9900000000000002,2.0,2.35,3.2199999999999998,5508.0,15080.0,-1160.0,489.0,87.0,-263.0,J
2.84,1.96,2.02,2.35,3.2300000000000004,5344.0,14948.0,-1360.0,300.0,-374.0,-304.0,J
2.82,1.97,2.0,2.32,3.18,5212.0,15080.0,-1220.0,412.0,-227.0,-273.0,J
2.88,2.01,2.02,2.32,3.06,5444.0,15148.0,-1392.0,228.0,-784.0,-413.0,J
2.83,2.0,1.9799999999999998,2.33,3.2,5420.0,14948.0,-1368.0,310.0,-516.0,-397.0,J
2.84,1.95,1.9799999999999998,2.36,3.2400000000000007,5372.0,15148.0,-1372.0,362.0,-403.0,-457.0,J
2.82,1.95,2.0,2.36,3.11,5516.0,15024.0,-1404.0,228.0,-676.0,-543.0,J
2.78,1.9900000000000002,1.97,2.36,3.2400000000000007,5604.0,15252.0,-1416.0,445.0,11.0,-450.0,J
2.82,2.04,2.0,2.35,3.2400000000000007,5236.0,15160.0,-1708.0,410.0,-350.0,-489.0,J
2.82,2.02,2.02,2.35,3.2400000000000007,5256.0,15080.0,-1436.0,504.0,-216.0,-466.0,J
2.76,1.97,2.04,2.27,3.25,5212.0,14996.0,-1464.0,463.0,-194.0,-428.0,J
2.81,2.01,1.9299999999999997,2.36,3.2199999999999998,5128.0,14860.0,-1324.0,375.0,-36.0,-373.0,J
2.84,1.9799999999999998,2.0,2.33,3.2400000000000007,5208.0,14484.0,-1580.0,286.0,138.0,-368.0,J
2.82,1.9799999999999998,2.02,2.34,3.25,5032.0,14144.0,-1500.0,264.0,412.0,-335.0,J
3.09,2.02,2.03,2.35,3.2300000000000004,5156.0,13752.0,-1436.0,45.0,380.0,-271.0,J
2.77,1.9,1.9799999999999998,2.33,3.2199999999999998,4828.0,13420.0,-1436.0,-17.0,705.0,-80.0,J
2.85,2.0,2.03,2.35,3.2300000000000004,4784.0,13188.0,-1584.0,-414.0,413.0,-13.0,J
2.8,1.8799999999999997,2.04,2.3,3.2400000000000007,4720.0,12772.0,-1464.0,-599.0,671.0,245.0,J
2.77,2.01,2.03,2.35,3.2300000000000004,4552.0,12356.0,-1472.0,-1005.0,655.0,491.0,J
2.81,2.0,2.0,2.34,3.2400000000000007,4472.0,11628.0,-1244.0,-1439.0,1019.0,923.0,J
2.76,1.9799999999999998,2.03,2.36,3.26,4228.0,10976.0,-1036.0,-1896.0,1561.0,1473.0,J
2.84,1.9799999999999998,1.97,2.33,3.2400000000000007,3728.0,10324.0,-916.0,-2281.0,1911.0,2146.0,J
2.84,1.94,2.04,2.35,3.2300000000000004,3556.0,10364.0,-1052.0,-2991.0,1557.0,2740.0,J
2.81,2.01,2.01,2.26,3.2300000000000004,3500.0,10844.0,-876.0,-3224.0,2008.0,3502.0,J
2.82,1.97,2.0,2.33,3.03,3652.0,11080.0,-1100.0,-3841.0,1937.0,4040.0,J
2.87,2.0,2.05,2.36,3.26,3904.0,11360.0,-700.0,-3954.0,2747.0,4658.0,J
2.8,2.02,2.04,2.35,3.2300000000000004,3520.0,11788.0,-380.0,-3772.0,4034.0,5204.0,J
2.81,2.02,2.04,2.35,3.2400000000000007,4052.0,11828.0,60.0,-3983.0,4409.0,5609.0,J
2.75,1.9900000000000002,2.03,2.36,3.18,4864.0,12056.0,124.0,-3972.0,5378.0,6432.0,J
2.76,2.02,2.03,2.35,3.2400000000000007,5336.0,12540.0,-264.0,-3856.0,5108.0,7072.0,J
2.81,2.02,2.04,2.36,3.25,6268.0,12800.0,-544.0,-4344.0,3631.0,7317.0,J
2.82,2.03,2.0,2.36,3.2199999999999998,6564.0,13212.0,-508.0,-4453.0,3602.0,7628.0,J
2.93,2.0,2.0,2.33,3.2,7160.0,13368.0,-660.0,-4627.0,3553.0,7511.0,J
2.85,2.0,2.03,2.36,3.2400000000000007,7692.0,13752.0,-256.0,-4571.0,4068.0,7273.0,J
2.86,2.03,2.02,2.33,3.16,8216.0,13832.0,28.0,-4983.0,5034.0,7455.0,J
2.8,2.03,2.02,2.34,3.2,8448.0,14188.0,1332.0,-5432.0,5252.0,7481.0,J
2.81,2.02,1.94,2.36,3.2400000000000007,8944.0,13808.0,1484.0,-5621.0,5158.0,7788.0,J
2.81,2.03,2.03,2.34,3.2400000000000007,9292.0,13620.0,1440.0,-5732.0,4466.0,8390.0,J
2.81,1.96,2.04,2.34,3.26,8864.0,13528.0,1964.0,-6120.0,4129.0,8477.0,J
2.81,1.9799999999999998,2.01,2.32,3.2099999999999995,9040.0,13124.0,2016.0,-6379.0,4685.0,8419.0,J
2.84,2.03,1.92,2.35,3.25,8460.0,12784.0,2980.0,-6594.0,6351.0,8560.0,J
2.84,2.02,2.0,2.36,3.2400000000000007,7872.0,12756.0,3316.0,-6630.0,8047.0,8211.0,J
2.84,2.03,2.02,2.35,3.2199999999999998,8640.0,12336.0,3884.0,-6416.0,9186.0,8006.0,J
2.92,2.01,1.9799999999999998,2.32,3.2199999999999998,9124.0,12324.0,3900.0,-5585.0,6831.0,8081.0,J
2.84,2.04,2.01,2.34,3.25,9828.0,13036.0,4132.0,-6143.0,4419.0,8200.0,J
2.78,2.04,1.97,2.34,3.25,10896.0,12584.0,4636.0,-6088.0,5436.0,8597.0,J
2.81,2.02,1.97,2.34,3.25,10952.0,12568.0,3764.0,-5454.0,6578.0,8753.0,J
2.84,2.05,2.03,2.34,3.2400000000000007,10916.0,12720.0,3732.0,-5056.0,7070.0,8271.0,J
2.84,1.9799999999999998,2.04,2.35,3.2099999999999995,11316.0,13472.0,3696.0,-4403.0,7037.0,7711.0,J
2.84,2.02,1.9900000000000002,2.34,3.2300000000000004,12052.0,14008.0,3844.0,-4550.0,5718.0,7014.0,J
2.84,2.06,2.04,2.36,3.26,13572.0,14024.0,3608.0,-4302.0,4903.0,6627.0,J
2.83,1.95,2.04,2.32,3.25,14044.0,14112.0,3880.0,-4654.0,3910.0,6269.0,J
2.88,2.05,1.9299999999999997,2.35,3.2099999999999995,14280.0,13736.0,3740.0,-4749.0,3170.0,5542.0,J
2.81,2.06,2.02,2.33,3.2,14144.0,13084.0,4008.0,-4760.0,4095.0,4748.0,J
2.84,2.06,2.04,2.35,3.2,13244.0,12776.0,4248.0,-4641.0,4661.0,3816.0,J
2.8,2.05,2.01,2.34,3.25,13668.0,12716.0,4324.0,-5070.0,4188.0,2555.0,J
2.82,2.03,1.94,2.33,3.2099999999999995,14340.0,12432.0,4812.0,-5017.0,4382.0,1899.0,J
2.8,2.04,1.9900000000000002,2.27,3.2,14588.0,12576.0,4884.0,-4530.0,4929.0,1518.0,J
2.81,2.06,2.0,2.35,3.25,14136.0,12324.0,5396.0,-4527.0,4832.0,1334.0,J
2.83,2.06,2.05,2.36,3.27,13800.0,12096.0,5352.0,-4506.0,4533.0,1103.0,J
2.81,2.04,2.03,2.34,3.2,13020.0,11756.0,5260.0,-4421.0,4308.0,1155.0,J
2.86,2.06,2.03,2.34,3.2199999999999998,12616.0,11524.0,5184.0,-4709.0,3470.0,1004.0,J
2.8,2.06,2.03,2.31,3.18,11980.0,11108.0,4748.0,-4580.0,2715.0,961.0,J
2.78,2.06,2.0,2.32,3.26,12440.0,10768.0,4928.0,-4142.0,1865.0,1020.0,J
2.84,2.06,2.04,2.35,3.27,12044.0,10928.0,5160.0,-3909.0,1183.0,1500.0,J
2.84,2.05,2.0,2.33,3.2300000000000004,12688.0,11180.0,5784.0,-4255.0,-276.0,1412.0,J
2.85,2.05,1.9299999999999997,2.31,3.2300000000000004,12816.0,11284.0,5900.0,-4509.0,-564.0,1712.0,J
2.78,2.04,1.9799999999999998,2.32,3.25,12632.0,11340.0,5768.0,-4841.0,-647.0,1454.0,J
2.84,2.05,2.04,2.34,3.2400000000000007,12748.0,11136.0,6216.0,-5250.0,-1029.0,1071.0,J
2.81,2.09,2.04,2.33,3.2300000000000004,13160.0,10920.0,6488.0,-5343.0,-763.0,582.0,J
2.78,2.0,2.02,2.33,3.2300000000000004,13688.0,10656.0,6800.0,-5385.0,-628.0,99.0,J
2.82,2.05,1.9900000000000002,2.31,3.2,13496.0,10768.0,6860.0,-5348.0,-797.0,-146.0,J
2.79,2.06,2.05,2.34,3.25,12996.0,10528.0,6420.0,-5505.0,-1907.0,-626.0,J
2.8,2.09,2.03,2.34,3.2300000000000004,13048.0,10776.0,6188.0,-5932.0,-3438.0,-1330.0,J
2.84,2.09,2.03,2.35,3.2400000000000007,14000.0,10784.0,6684.0,-6117.0,-4276.0,-1988.0,J
2.91,2.08,1.9299999999999997,2.34,3.26,14212.0,12036.0,6936.0,-6282.0,-4509.0,-1986.0,J
2.82,2.06,2.03,2.33,3.2199999999999998,14240.0,12704.0,7648.0,-6803.0,-5058.0,-2416.0,J
2.84,2.09,2.02,2.34,3.19,14476.0,13200.0,7684.0,-7234.0,-5438.0,-3401.0,J
2.83,2.02,2.03,2.34,3.25,14780.0,13368.0,8096.0,-6948.0,-5374.0,-4468.0,J
2.8,2.09,2.03,2.35,3.18,14440.0,13640.0,8512.0,-6463.0,-5020.0,-5686.0,J
2.84,2.08,2.03,2.34,3.2400000000000007,14460.0,14320.0,8804.0,-6109.0,-5008.0,-6805.0,J
2.79,2.09,2.0,2.35,3.18,13812.0,14916.0,8648.0,-5379.0,-5149.0,-7474.0,J
2.81,2.09,1.94,2.34,3.2400000000000007,13468.0,15240.0,8728.0,-4905.0,-6554.0,-8207.0,J
2.81,2.09,2.0,2.35,3.2300000000000004,13160.0,15456.0,9220.0,-3944.0,-7229.0,-8639.0,J
2.77,2.1,2.04,2.34,3.2400000000000007,12740.0,15444.0,8740.0,-3087.0,-8037.0,-8911.0,J
2.84,2.09,2.03,2.34,3.2400000000000007,12556.0,15616.0,8820.0,-1994.0,-7957.0,-8888.0,J
2.79,2.06,2.03,2.35,3.19,12016.0,16008.0,8636.0,-894.0,-7993.0,-8911.0,J
2.84,2.05,2.04,2.33,3.19,11808.0,16256.0,8244.0,249.0,-7920.0,-8788.0,J
2.8,2.06,1.97,2.35,3.2,11272.0,16288.0,8228.0,1872.0,-8033.0,-8276.0,J
2.8,2.1,2.03,2.35,3.2099999999999995,11064.0,16644.0,7852.0,2690.0,-8996.0,-8097.0,J
2.81,2.1,2.04,2.35,3.25,10444.0,16356.0,7824.0,3993.0,-8991.0,-7427.0,J
2.84,2.09,1.9799999999999998,2.34,3.26,9868.0,16236.0,7648.0,4535.0,-9816.0,-7182.0,J
2.84,2.05,2.02,2.35,3.2400000000000007,9392.0,16196.0,7188.0,4744.0,-10076.0,-6756.0,J
2.81,1.9900000000000002,1.9900000000000002,2.35,3.26,9120.0,15124.0,7032.0,5025.0,-9250.0,-6978.0,J
2.81,2.08,2.02,2.34,3.2199999999999998,8600.0,14236.0,6676.0,5984.0,-7950.0,-7194.0,J
2.85,2.06,2.01,2.33,3.17,8388.0,13628.0,6792.0,6798.0,-6485.0,-7298.0,J
2.82,2.06,1.9799999999999998,2.35,3.26,8216.0,13620.0,6296.0,7162.0,-5335.0,-7191.0,J
2.83,2.06,2.04,2.34,3.2400000000000007,8264.0,13152.0,6000.0,6794.0,-5039.0,-6845.0,J
2.8,1.96,2.04,2.34,3.25,7268.0,12396.0,5996.0,6770.0,-4089.0,-6057.0,J
2.76,2.04,2.01,2.35,3.27,6760.0,11876.0,5576.0,6227.0,-3650.0,-5618.0,J
2.82,1.9799999999999998,2.04,2.34,3.2300000000000004,6608.0,11096.0,5072.0,5662.0,-3405.0,-5182.0,J
2.8,2.0,2.0,2.34,3.2400000000000007,6592.0,10624.0,4140.0,5458.0,-3183.0,-5096.0,J
2.82,2.06,2.03,2.34,3.0,6128.0,10568.0,3760.0,5211.0,-2516.0,-4920.0,J
2.81,2.03,1.9799999999999998,2.33,3.2400000000000007,5904.0,10624.0,3480.0,4605.0,-2458.0,-5086.0,J
2.8,2.06,2.02,2.35,3.16,6120.0,10340.0,3344.0,3707.0,-1894.0,-5240.0,J
2.81,2.06,2.02,2.28,3.27,6188.0,9816.0,3592.0,2927.0,-1083.0,-4756.0,J
2.76,2.06,2.01,2.35,3.2400000000000007,5964.0,9884.0,3084.0,2373.0,-510.0,-4027.0,J
2.8,2.05,1.97,2.35,3.2400000000000007,6280.0,9996.0,2952.0,1403.0,-508.0,-3521.0,J
2.84,2.11,1.9900000000000002,2.32,3.25,6360.0,10128.0,2612.0,1319.0,456.0,-2607.0,J
2.77,1.97,2.01,2.33,3.17,6448.0,10584.0,2312.0,1050.0,712.0,-2111.0,J
2.84,2.03,1.95,2.34,3.2799999999999994,6696.0,10900.0,2332.0,676.0,467.0,-1584.0,J
2.84,2.0,2.02,2.3,3.25,6900.0,11340.0,2272.0,532.0,839.0,-934.0,J
2.77,2.05,1.94,2.35,3.25,7012.0,11864.0,1972.0,40.0,232.0,-531.0,J
2.84,2.03,1.95,2.35,3.25,7788.0,12072.0,2192.0,-236.0,144.0,-168.0,J
2.84,2.05,2.03,2.32,3.2199999999999998,8068.0,12508.0,2288.0,-312.0,165.0,334.0,J
2.81,2.01,2.0,2.31,3.11,8536.0,12864.0,2316.0,-744.0,2.0,638.0,J
2.81,2.12,2.03,2.34,3.2,8700.0,13316.0,2252.0,-1040.0,100.0,775.0,J
2.84,2.02,2.04,2.35,3.2300000000000004,8668.0,13700.0,2548.0,-1210.0,802.0,738.0,J
2.83,2.05,2.03,2.33,3.2799999999999994,8784.0,13792.0,2844.0,-1211.0,1302.0,575.0,J
2.76,2.02,2.0,2.33,3.27,8968.0,13720.0,2956.0,-921.0,1513.0,734.0,J
2.77,2.05,2.04,2.35,3.2099999999999995,9092.0,14048.0,2908.0,-850.0,1124.0,816.0,J
2.84,2.02,1.95,2.35,3.2400000000000007,9188.0,13876.0,2792.0,-670.0,338.0,939.0,J
2.81,1.9799999999999998,2.04,2.35,3.2400000000000007,9328.0,14080.0,2868.0,-818.0,-58.0,912.0,J
2.8,2.01,1.9799999999999998,2.32,3.11,9308.0,14124.0,2852.0,-870.0,56.0,674.0,J
2.76,1.94,2.01,2.36,3.25,9312.0,14256.0,2916.0,-816.0,129.0,406.0,J
2.79,2.05,2.02,2.34,3.17,9316.0,14140.0,2912.0,-427.0,390.0,189.0,J
2.82,1.97,2.0,2.33,3.26,9264.0,14244.0,2808.0,-158.0,594.0,125.0,J
2.83,2.01,2.02,2.34,3.18,8860.0,14124.0,2616.0,-22.0,566.0,75.0,J
2.85,2.05,2.03,2.35,3.25,9040.0,14212.0,2256.0,129.0,181.0,26.0,J
2.83,2.0,2.02,2.35,3.26,8680.0,14260.0,2256.0,123.0,-111.0,42.0,J
2.84,1.9900000000000002,2.04,2.35,3.18,8684.0,14224.0,2176.0,25.0,-301.0,-98.0,J
2.81,2.05,2.03,2.18,3.2400000000000007,8664.0,14184.0,2076.0,82.0,73.0,-87.0,J
2.82,2.03,2.03,2.35,3.26,8592.0,14192.0,2088.0,74.0,-1.0,-133.0,J
2.83,2.01,2.0,2.32,3.25,8684.0,14084.0,2244.0,77.0,118.0,-119.0,J
2.81,1.9299999999999997,2.03,2.35,3.2400000000000007,8648.0,14012.0,2232.0,98.0,503.0,-91.0,J
2.78,2.04,1.97,2.35,3.2400000000000007,8596.0,13964.0,2496.0,114.0,753.0,-25.0,J
2.76,2.05,2.03,2.35,3.2400000000000007,8572.0,13844.0,2528.0,37.0,1014.0,-3.0,J
2.82,2.05,2.02,2.35,3.25,8612.0,13844.0,2304.0,58.0,1203.0,102.0,J
2.82,2.05,2.04,2.34,3.2400000000000007,8256.0,13856.0,2268.0,29.0,1189.0,128.0,J
2.84,2.01,2.0,2.36,3.2400000000000007,8276.0,13692.0,2448.0,-155.0,659.0,1.0,J
2.79,2.01,2.03,2.35,3.06,8348.0,13764.0,2432.0,-69.0,524.0,82.0,J
3.01,1.9900000000000002,1.95,2.34,3.0,4272.0,15728.0,1108.0,-110.0,-322.0,-272.0,J
2.86,2.02,2.02,2.22,3.2300000000000004,4304.0,15608.0,1068.0,-5.0,-234.0,-363.0,J
2.92,1.9900000000000002,2.05,2.33,3.2400000000000007,4240.0,15736.0,1096.0,176.0,-49.0,-372.0,J
2.89,2.02,2.01,2.36,3.26,4144.0,15792.0,1100.0,266.0,-30.0,-374.0,J
2.92,2.03,2.05,2.36,3.2199999999999998,4112.0,15792.0,848.0,227.0,-195.0,-366.0,J
2.88,1.9900000000000002,2.02,2.35,3.2199999999999998,3928.0,15796.0,932.0,260.0,-259.0,-342.0,J
2.88,2.02,2.05,2.36,3.2400000000000007,4084.0,15828.0,832.0,277.0,-560.0,-400.0,J
2.91,1.9799999999999998,2.04,2.36,3.26,4092.0,15804.0,832.0,437.0,-510.0,-387.0,J
2.83,1.9900000000000002,2.05,2.36,3.26,3932.0,15796.0,812.0,443.0,-628.0,-495.0,J
2.88,2.02,2.05,2.36,3.18,4276.0,15660.0,800.0,429.0,-546.0,-547.0,J
2.87,2.02,2.05,2.34,3.18,4096.0,15692.0,844.0,493.0,-56.0,-439.0,J
2.92,2.0,2.04,2.35,3.2300000000000004,4004.0,15552.0,704.0,354.0,-195.0,-502.0,J
2.88,2.06,2.02,2.33,3.18,3952.0,15380.0,676.0,469.0,27.0,-457.0,J
2.85,1.94,2.01,2.26,3.2400000000000007,3920.0,15224.0,596.0,472.0,119.0,-390.0,J
2.87,2.01,2.0,2.33,3.19,3928.0,15004.0,416.0,515.0,121.0,-325.0,J
2.83,2.02,2.04,2.4,3.19,3636.0,14632.0,452.0,542.0,-82.0,-232.0,J
2.97,1.95,2.0,2.35,3.15,3552.0,14420.0,500.0,369.0,-450.0,-204.0,J
2.91,2.0,2.05,2.35,3.2,3840.0,14140.0,596.0,148.0,-547.0,-124.0,J
2.83,2.02,2.04,2.36,3.2300000000000004,3620.0,14024.0,672.0,12.0,-247.0,27.0,J
2.93,1.97,1.9900000000000002,2.35,3.18,3760.0,13860.0,744.0,-273.0,-159.0,46.0,J
2.85,2.02,2.04,2.36,3.2400000000000007,3744.0,13564.0,792.0,-438.0,317.0,187.0,J
2.83,1.9900000000000002,2.04,2.35,3.2300000000000004,3344.0,13340.0,696.0,-588.0,832.0,255.0,J
2.88,1.9900000000000002,2.02,2.37,3.2199999999999998,3280.0,12776.0,860.0,-943.0,846.0,388.0,J
2.92,2.0,1.9799999999999998,2.36,3.25,3020.0,12212.0,964.0,-1324.0,1189.0,608.0,J
2.9,2.03,2.04,2.36,3.25,2680.0,11716.0,1128.0,-1617.0,1444.0,865.0,J
2.91,2.02,2.04,2.33,3.2400000000000007,2912.0,11164.0,1112.0,-1980.0,1518.0,1167.0,J
2.89,1.97,2.04,2.36,3.2400000000000007,3024.0,11420.0,1220.0,-1807.0,2498.0,1819.0,J
2.87,2.02,2.02,2.33,3.26,2880.0,11932.0,1256.0,-1929.0,2990.0,2341.0,J
2.9,2.04,2.04,2.34,3.17,3052.0,12104.0,1192.0,-1993.0,3032.0,2862.0,J
2.88,2.04,2.04,2.36,3.2099999999999995,2908.0,12144.0,1340.0,-2032.0,3312.0,3560.0,J
2.86,2.03,2.05,2.36,3.25,2864.0,12152.0,1108.0,-2028.0,3462.0,4123.0,J
2.89,2.04,2.03,2.26,3.2400000000000007,3324.0,11624.0,1316.0,-2079.0,3321.0,4763.0,J
2.92,2.04,2.04,2.34,3.2199999999999998,3724.0,11672.0,1244.0,-1774.0,3920.0,5659.0,J
2.9,1.9799999999999998,2.02,2.37,3.25,3868.0,12580.0,964.0,-1580.0,4073.0,6495.0,J
2.87,2.05,2.05,2.35,3.25,4228.0,13928.0,940.0,-2096.0,3255.0,6768.0,J
2.91,1.94,1.95,2.36,3.2400000000000007,4652.0,14372.0,1404.0,-2824.0,2781.0,6871.0,J
2.88,1.96,2.02,2.33,3.18,5036.0,14332.0,1680.0,-3306.0,3294.0,7104.0,J
2.93,2.05,1.9900000000000002,2.36,3.2300000000000004,5388.0,14080.0,2116.0,-3706.0,3721.0,7263.0,J
2.88,2.0,1.96,2.34,3.2099999999999995,5792.0,13128.0,2660.0,-3769.0,4001.0,7483.0,J
2.84,2.04,2.03,2.36,3.17,6716.0,12080.0,2676.0,-3260.0,4049.0,7800.0,J
2.86,2.04,2.0,2.33,3.25,7328.0,11972.0,1844.0,-2294.0,3715.0,8232.0,J
2.91,2.04,2.04,2.37,3.0,7548.0,13416.0,1424.0,-1790.0,1871.0,8153.0,J
2.88,2.04,2.04,2.33,3.2099999999999995,8272.0,15260.0,1616.0,-2285.0,772.0,7475.0,J
2.92,2.04,2.04,2.37,3.2400000000000007,9112.0,15940.0,2040.0,-3540.0,485.0,6625.0,J
2.92,2.03,2.04,2.35,3.2,9936.0,15620.0,2400.0,-4343.0,572.0,5844.0,J
2.93,2.02,1.94,2.35,3.09,10440.0,14812.0,2984.0,-4543.0,1582.0,5693.0,J
2.88,2.01,2.02,2.34,3.26,10688.0,13908.0,2540.0,-5290.0,2338.0,5636.0,J
2.87,2.05,2.01,2.34,3.2400000000000007,10612.0,13236.0,2440.0,-5053.0,2702.0,5413.0,J
3.0,2.0,2.1,2.25,3.26,10740.0,13156.0,1964.0,-4161.0,3624.0,5270.0,J
2.88,2.05,2.05,2.36,3.2400000000000007,10328.0,13612.0,1932.0,-3656.0,3427.0,4900.0,J
2.91,2.04,2.03,2.32,3.25,10052.0,13968.0,2012.0,-3192.0,3598.0,4644.0,J
2.85,2.05,2.04,2.35,3.2400000000000007,9964.0,13752.0,1596.0,-3210.0,2909.0,4507.0,J
2.83,2.02,2.05,2.36,3.2400000000000007,9924.0,13428.0,2136.0,-3615.0,1350.0,4641.0,J
2.84,2.04,2.04,2.36,3.2400000000000007,10108.0,13732.0,1812.0,-3991.0,-25.0,4874.0,J
2.9,2.05,2.05,2.36,3.19,10016.0,14308.0,1624.0,-4722.0,-532.0,5240.0,J
2.87,2.03,2.0,2.35,3.2,10512.0,15416.0,1912.0,-5775.0,-1596.0,4950.0,J
2.96,2.05,1.9299999999999997,2.36,3.25,10704.0,16320.0,2240.0,-6649.0,-1289.0,4553.0,J
2.86,1.9799999999999998,2.01,2.33,3.19,11232.0,16024.0,2616.0,-8111.0,-1727.0,3730.0,J
2.9,2.05,2.05,2.37,3.27,11652.0,15780.0,3248.0,-8560.0,-728.0,3292.0,J
2.88,2.05,2.05,2.36,3.26,11724.0,15396.0,3104.0,-8778.0,-381.0,2651.0,J
2.93,2.02,1.95,2.34,3.19,11736.0,15072.0,4048.0,-8646.0,4.0,1960.0,J
2.86,2.05,2.05,2.36,3.2,11608.0,15264.0,3828.0,-8365.0,428.0,1086.0,J
2.82,2.0,2.01,2.35,3.2300000000000004,11428.0,15068.0,4232.0,-8267.0,54.0,294.0,J
2.89,2.03,2.05,2.37,3.17,11096.0,14904.0,4492.0,-8176.0,-688.0,-170.0,J
2.9,2.02,2.04,2.35,3.05,11184.0,14972.0,4680.0,-8347.0,-1951.0,-678.0,J
2.86,2.03,2.0,2.37,3.17,10900.0,15364.0,5440.0,-8597.0,-2462.0,-636.0,J
2.86,2.03,1.9799999999999998,2.36,3.2400000000000007,11244.0,15500.0,5304.0,-9003.0,-3580.0,-1015.0,J
2.91,2.06,2.05,2.35,3.2099999999999995,11344.0,15920.0,5968.0,-9033.0,-4145.0,-1497.0,J
2.82,2.06,2.02,2.33,3.2199999999999998,11240.0,15740.0,6072.0,-8973.0,-4574.0,-2487.0,J
2.91,2.06,2.04,2.36,3.2300000000000004,11432.0,16088.0,6640.0,-8881.0,-4252.0,-3421.0,J
2.82,2.01,2.04,2.35,3.19,11452.0,17016.0,6840.0,-8736.0,-3284.0,-4290.0,J
2.82,2.04,2.06,2.36,3.26,11360.0,17624.0,6924.0,-8827.0,-3043.0,-5327.0,J
2.83,2.04,2.05,2.36,3.26,11220.0,17412.0,6464.0,-8546.0,-2837.0,-5723.0,J
2.91,2.06,1.96,2.36,3.2400000000000007,10500.0,17008.0,6052.0,-7413.0,-2767.0,-6027.0,J
2.87,2.06,2.05,2.37,3.2799999999999994,9440.0,16784.0,6076.0,-6332.0,-2734.0,-6550.0,J
2.91,2.06,2.04,2.37,3.25,8252.0,17088.0,6440.0,-5190.0,-3983.0,-7186.0,J
2.87,2.03,1.97,2.34,3.2099999999999995,7836.0,17484.0,7540.0,-4806.0,-6094.0,-8128.0,J
2.87,2.08,2.04,2.37,3.2,8408.0,17328.0,8372.0,-4559.0,-6613.0,-8473.0,J
2.88,2.06,1.97,2.33,3.2,8684.0,17140.0,9304.0,-3416.0,-5699.0,-8177.0,J
2.91,2.08,2.0,2.36,3.26,7844.0,17028.0,9164.0,-2401.0,-4500.0,-7621.0,J
2.91,2.04,2.06,2.34,3.2400000000000007,7648.0,16856.0,9152.0,-1053.0,-4821.0,-7164.0,J
2.87,2.06,2.03,2.33,3.25,7060.0,16428.0,9144.0,454.0,-4397.0,-6345.0,J
2.87,1.95,2.05,2.32,3.2,5772.0,16632.0,9096.0,1689.0,-4160.0,-5784.0,J
2.99,2.03,2.0,2.36,3.2400000000000007,5136.0,16568.0,8628.0,2778.0,-5059.0,-5841.0,J
2.92,2.03,2.02,2.33,3.25,5596.0,16844.0,8936.0,3614.0,-5808.0,-6084.0,J
2.89,2.06,1.9799999999999998,2.36,3.2199999999999998,6080.0,16392.0,8496.0,4584.0,-4713.0,-5545.0,J
2.88,2.06,2.05,2.33,3.1400000000000006,6176.0,16532.0,8464.0,5390.0,-4555.0,-5165.0,J
2.88,2.04,2.04,2.36,3.25,6180.0,16176.0,7508.0,6002.0,-4365.0,-4656.0,J
2.88,2.06,2.06,2.36,3.25,6148.0,16028.0,7328.0,6644.0,-4863.0,-4364.0,J
2.86,2.02,2.02,2.33,3.2,6180.0,15904.0,6544.0,7086.0,-4841.0,-4055.0,J
2.96,2.06,2.03,2.37,3.2300000000000004,6020.0,15760.0,6368.0,7429.0,-4659.0,-4079.0,J
2.87,2.06,2.02,2.33,3.2400000000000007,5880.0,15624.0,5960.0,7387.0,-4711.0,-4316.0,J
2.86,2.06,2.03,2.36,3.25,6208.0,15240.0,5764.0,7273.0,-4078.0,-4523.0,J
2.9,2.06,2.02,2.36,3.2400000000000007,6228.0,15096.0,5536.0,7301.0,-2981.0,-4509.0,J
2.88,2.05,2.06,2.36,3.26,6104.0,14952.0,5532.0,7162.0,-1913.0,-4461.0,J
2.86,2.06,2.04,2.36,3.2400000000000007,5872.0,14484.0,5132.0,7276.0,-641.0,-4161.0,J
2.85,2.06,2.04,2.36,3.2400000000000007,5480.0,13932.0,4860.0,7253.0,325.0,-3748.0,J
2.87,2.06,2.03,2.34,3.19,4824.0,13176.0,4296.0,7230.0,681.0,-3386.0,J
2.83,2.06,2.05,2.36,3.26,4472.0,12704.0,3916.0,6931.0,-50.0,-3067.0,J
2.82,2.03,2.03,2.37,3.2099999999999995,4304.0,12172.0,3836.0,6530.0,-598.0,-2785.0,J
2.85,2.03,2.05,2.33,3.25,4324.0,11872.0,3776.0,6071.0,-1252.0,-2522.0,J
2.91,2.03,2.05,2.33,3.2400000000000007,4488.0,11696.0,3648.0,5648.0,-1568.0,-2267.0,J
2.96,2.05,2.05,2.34,3.2199999999999998,4760.0,11716.0,3644.0,5015.0,-1616.0,-2076.0,J
2.87,2.05,2.04,2.36,3.27,5060.0,11496.0,3716.0,4567.0,-1235.0,-1958.0,J
2.89,1.9900000000000002,2.04,2.36,2.99,5056.0,11128.0,3148.0,4103.0,-262.0,-1714.0,J
2.85,2.06,2.05,2.36,3.2,4856.0,11048.0,2680.0,3393.0,284.0,-1607.0,J
2.86,2.06,2.05,2.34,3.2400000000000007,4972.0,10992.0,2384.0,2870.0,877.0,-1415.0,J
2.86,2.05,2.05,2.37,3.18,4828.0,11256.0,2040.0,2330.0,1142.0,-1051.0,J
2.87,2.06,2.05,2.35,3.2199999999999998,4888.0,11320.0,1376.0,1663.0,936.0,-852.0,J
2.91,1.95,1.9799999999999998,2.36,3.2400000000000007,5132.0,11236.0,1284.0,1260.0,1152.0,-383.0,J
2.87,2.01,2.05,2.36,3.25,4668.0,11944.0,1004.0,966.0,1297.0,-54.0,J
2.94,1.97,2.05,2.36,3.2300000000000004,5032.0,12436.0,1216.0,255.0,580.0,-204.0,J
2.87,2.02,2.0,2.33,3.19,5772.0,13028.0,1096.0,118.0,814.0,23.0,J
3.02,2.0,1.9799999999999998,2.36,3.16,5572.0,13752.0,1072.0,-307.0,1077.0,331.0,J
2.91,2.03,2.05,2.36,3.26,5860.0,14160.0,1060.0,-524.0,583.0,238.0,J
2.9,2.05,2.01,2.33,3.2,5940.0,14604.0,812.0,-666.0,590.0,678.0,J
2.81,1.9799999999999998,2.02,2.36,3.25,6236.0,14956.0,1468.0,-853.0,199.0,641.0,J
2.81,2.04,2.05,2.23,3.26,6176.0,15208.0,1016.0,-928.0,701.0,865.0,J
2.81,2.05,2.04,2.36,3.2400000000000007,6336.0,15392.0,1140.0,-1170.0,630.0,912.0,J
2.9,2.05,2.06,2.36,3.2300000000000004,6400.0,15504.0,1288.0,-1223.0,728.0,966.0,J
2.99,2.02,2.05,2.36,3.2400000000000007,6308.0,15488.0,1456.0,-1303.0,265.0,883.0,J
2.86,2.05,2.05,2.35,3.2199999999999998,6436.0,15536.0,1164.0,-1261.0,196.0,817.0,J
2.86,2.04,2.05,2.36,3.25,6292.0,15672.0,1464.0,-1296.0,59.0,602.0,J
2.88,2.04,2.04,2.35,3.26,6480.0,15604.0,1720.0,-1283.0,-30.0,358.0,J
2.88,2.01,2.02,2.28,3.2,6484.0,15684.0,1868.0,-1057.0,229.0,290.0,J
2.81,2.02,2.01,2.35,3.19,6352.0,15576.0,1944.0,-980.0,280.0,140.0,J
3.08,2.04,2.05,2.36,3.2400000000000007,6256.0,15400.0,1920.0,-853.0,302.0,131.0,J
2.88,1.9799999999999998,2.0,2.36,3.2400000000000007,5944.0,15404.0,1932.0,-694.0,282.0,123.0,J
2.86,2.14,2.05,2.36,3.25,5864.0,15260.0,1892.0,-560.0,168.0,95.0,J
2.83,2.03,2.01,2.36,3.2199999999999998,5808.0,15264.0,2108.0,-403.0,301.0,201.0,J
2.86,2.05,2.04,2.35,3.18,5836.0,15216.0,1956.0,-355.0,226.0,163.0,J
2.87,2.04,2.0,2.36,3.2199999999999998,5740.0,15288.0,1828.0,-190.0,188.0,167.0,J
2.89,2.0,2.05,2.36,3.25,5680.0,15260.0,1696.0,-231.0,72.0,77.0,J
2.85,2.05,2.05,2.36,3.25,5632.0,15256.0,1740.0,-229.0,20.0,1.0,J
2.85,2.01,2.05,2.36,3.2199999999999998,5732.0,15216.0,1676.0,-325.0,-159.0,-163.0,J
2.88,2.04,2.05,2.27,3.17,6032.0,15104.0,1884.0,-363.0,-107.0,-133.0,J
2.91,2.04,2.04,2.33,3.25,5816.0,15084.0,1800.0,-311.0,124.0,-157.0,J
2.8,2.05,2.04,2.33,3.2400000000000007,5976.0,15004.0,1800.0,-477.0,-17.0,-210.0,J
2.9,2.04,2.05,2.36,3.2400000000000007,6164.0,14804.0,1576.0,-535.0,38.0,-263.0,J
2.96,2.05,2.0,2.36,3.01,5996.0,15064.0,1760.0,-702.0,-1.0,-353.0,J
2.82,2.0,2.05,2.36,3.11,5984.0,15048.0,1856.0,-834.0,161.0,-426.0,J
2.8,1.96,2.01,2.36,3.25,6144.0,14984.0,1876.0,-860.0,222.0,-502.0,J
2.89,2.02,2.04,2.36,3.25,6036.0,14888.0,1896.0,-766.0,481.0,-484.0,J
2.88,2.04,2.01,2.35,3.25,6032.0,14940.0,2084.0,-766.0,630.0,-449.0,J
2.85,2.01,2.04,2.36,3.2400000000000007,5932.0,14788.0,1980.0,-734.0,745.0,-374.0,J
2.85,1.92,2.0,2.37,3.25,5920.0,14976.0,2076.0,-713.0,644.0,-271.0,J
2.86,2.04,2.05,2.36,3.26,5820.0,14820.0,2012.0,-691.0,665.0,-154.0,J
2.94,2.03,2.02,2.33,3.2099999999999995,5812.0,14984.0,2068.0,-805.0,440.0,-88.0,J
2.85,2.05,1.96,2.34,3.2199999999999998,5896.0,14688.0,1876.0,-862.0,237.0,-61.0,J
2.89,1.9900000000000002,2.05,2.36,3.11,5988.0,14640.0,1884.0,-967.0,20.0,5.0,J
2.86,2.04,2.06,2.36,3.2400000000000007,6200.0,14472.0,1904.0,-1107.0,-16.0,-3.0,J
2.85,2.0,2.04,2.36,3.25,6180.0,14704.0,1788.0,-1076.0,295.0,14.0,J
2.84,2.0,1.9799999999999998,2.36,3.2799999999999994,6156.0,14864.0,2080.0,-1121.0,426.0,15.0,J
2.91,1.9900000000000002,1.95,2.36,3.25,6096.0,15140.0,1976.0,-1099.0,664.0,-2.0,J
2.85,2.05,2.05,2.36,3.18,6184.0,15164.0,2164.0,-1232.0,604.0,20.0,J
2.85,2.04,2.02,2.35,3.19,6052.0,15288.0,1928.0,-1161.0,367.0,37.0,J
2.88,1.9900000000000002,2.04,2.36,3.26,6020.0,15388.0,2188.0,-1405.0,-425.0,-142.0,J
2.87,1.9900000000000002,2.05,2.37,3.2199999999999998,5076.0,15396.0,772.0,-173.0,-271.0,-130.0,J
2.87,1.9799999999999998,2.03,2.38,3.2,5204.0,15576.0,876.0,-265.0,-362.0,-188.0,J
2.91,2.0,2.01,2.37,3.2199999999999998,5360.0,15532.0,1004.0,-233.0,-310.0,-241.0,J
2.85,1.94,2.04,2.36,3.2199999999999998,5220.0,15404.0,1088.0,-276.0,-202.0,-298.0,J
2.82,1.96,2.05,2.34,3.2199999999999998,5216.0,15524.0,1040.0,-249.0,-107.0,-286.0,J
2.88,1.9900000000000002,2.05,2.29,3.16,5124.0,15488.0,756.0,-191.0,-168.0,-321.0,J
3.06,1.96,2.02,2.33,3.2199999999999998,5076.0,15416.0,828.0,-134.0,-137.0,-319.0,J
2.98,1.9900000000000002,2.06,2.37,3.18,5100.0,15352.0,836.0,-119.0,-156.0,-337.0,J
2.76,1.8500000000000003,2.04,2.36,3.2400000000000007,5016.0,15400.0,1048.0,-99.0,-241.0,-401.0,J
2.88,1.9900000000000002,2.01,2.36,3.2400000000000007,5096.0,15416.0,992.0,-57.0,-212.0,-401.0,J
2.89,1.9299999999999997,2.12,2.37,3.17,5020.0,15396.0,940.0,20.0,-230.0,-398.0,J
2.81,1.8799999999999997,2.0,2.33,3.19,4964.0,15524.0,968.0,50.0,-312.0,-391.0,J
2.88,1.9799999999999998,2.02,2.36,3.2099999999999995,4940.0,15524.0,952.0,53.0,-445.0,-391.0,J
2.9,1.9900000000000002,2.05,2.36,3.2300000000000004,5032.0,15452.0,848.0,32.0,-505.0,-403.0,J
2.91,1.9900000000000002,2.04,2.34,3.11,4984.0,15496.0,908.0,55.0,-443.0,-378.0,J
2.81,1.97,2.02,2.36,3.2400000000000007,4956.0,15572.0,924.0,152.0,-389.0,-422.0,J
2.91,1.9900000000000002,2.0,2.34,3.2099999999999995,5000.0,15596.0,896.0,139.0,-450.0,-407.0,J
2.96,2.0,2.04,2.34,3.2199999999999998,4872.0,15496.0,796.0,274.0,-2.0,-365.0,J
2.87,1.9900000000000002,2.05,2.35,3.2400000000000007,4976.0,15464.0,744.0,233.0,-118.0,-325.0,J
2.89,1.8799999999999997,2.02,2.33,3.2300000000000004,4800.0,15336.0,820.0,318.0,-55.0,-261.0,J
2.9,1.95,2.02,2.33,3.19,4780.0,15300.0,676.0,283.0,-22.0,-230.0,J
2.92,1.9900000000000002,2.04,2.37,3.2400000000000007,4940.0,15168.0,840.0,322.0,257.0,-121.0,J
2.87,1.96,2.05,2.37,3.2400000000000007,4720.0,14924.0,792.0,397.0,663.0,-77.0,J
2.88,1.95,2.04,2.31,3.2300000000000004,4600.0,14812.0,556.0,467.0,771.0,-136.0,J
2.91,1.9900000000000002,2.06,2.37,3.2400000000000007,4596.0,14352.0,584.0,440.0,871.0,-169.0,J
2.89,1.97,2.05,2.35,3.12,4496.0,14200.0,432.0,441.0,1227.0,-128.0,J
2.85,1.97,2.02,2.36,3.17,4240.0,13768.0,704.0,419.0,1226.0,-5.0,J
2.97,1.96,2.02,2.34,3.2,3972.0,13484.0,420.0,184.0,1033.0,39.0,J
2.81,2.0,2.05,2.36,3.25,4068.0,13064.0,508.0,-80.0,674.0,85.0,J
2.91,1.96,2.04,2.37,3.2300000000000004,4372.0,12276.0,620.0,-292.0,834.0,325.0,J
2.89,1.9,2.04,2.34,3.03,4324.0,12024.0,516.0,-102.0,1566.0,869.0,J
2.89,2.0,2.05,2.36,3.2300000000000004,3796.0,11484.0,488.0,-261.0,1020.0,1103.0,J
2.85,1.96,2.05,2.37,3.2199999999999998,3752.0,11096.0,812.0,-481.0,635.0,1367.0,J
2.86,1.8799999999999997,2.0,2.34,3.19,4080.0,10708.0,816.0,-729.0,636.0,1726.0,J
2.89,2.0,2.05,2.33,3.2400000000000007,4012.0,10624.0,892.0,-935.0,811.0,2210.0,J
2.91,1.9900000000000002,2.05,2.36,3.16,3820.0,10740.0,1100.0,-1458.0,539.0,2555.0,J
2.88,1.9900000000000002,2.05,2.36,3.2199999999999998,4116.0,10740.0,1384.0,-1958.0,574.0,2906.0,J
2.91,2.0,2.05,2.35,3.17,4556.0,10608.0,1064.0,-2028.0,1480.0,3428.0,J
2.84,1.97,2.06,2.37,3.17,4492.0,10300.0,832.0,-1386.0,2375.0,4059.0,J
2.84,2.0,2.04,2.34,3.12,4200.0,10256.0,1332.0,-619.0,2442.0,4494.0,J
2.88,1.94,2.06,2.36,3.2,4228.0,10024.0,1444.0,-526.0,1440.0,4516.0,J
2.86,2.0,2.05,2.36,3.2199999999999998,4844.0,9960.0,1180.0,-844.0,-284.0,4675.0,J
2.88,2.0,2.05,2.34,3.2300000000000004,5356.0,10980.0,1528.0,-766.0,-853.0,5192.0,J
2.84,1.95,2.05,2.36,3.2099999999999995,5780.0,12700.0,1460.0,-1256.0,-1231.0,5611.0,J
2.85,1.95,1.95,2.34,3.18,6320.0,13564.0,2052.0,-2186.0,-1436.0,5504.0,J
2.85,1.97,2.02,2.38,3.25,7280.0,13620.0,1912.0,-2366.0,138.0,5503.0,J
2.92,2.0,2.02,2.36,3.2300000000000004,7728.0,13528.0,2112.0,-2378.0,1266.0,5325.0,J
2.91,2.01,2.05,2.36,3.09,7812.0,13444.0,2000.0,-1930.0,3106.0,5182.0,J
2.88,2.0,2.05,2.33,3.15,7932.0,13688.0,1376.0,-1950.0,3756.0,4694.0,J
2.87,2.0,2.05,2.36,3.2099999999999995,8156.0,14200.0,1556.0,-1734.0,3786.0,4604.0,J
2.83,1.97,1.9799999999999998,2.37,3.2300000000000004,8496.0,15196.0,1212.0,-1911.0,3064.0,4635.0,J
2.94,2.0,1.95,2.37,3.2300000000000004,9056.0,15896.0,1600.0,-2915.0,2057.0,5021.0,J
2.9,2.01,2.05,2.36,3.04,9424.0,16184.0,1564.0,-3419.0,2738.0,5890.0,J
2.89,1.9799999999999998,2.0,2.36,3.25,9824.0,15944.0,1892.0,-4069.0,3100.0,6431.0,J
2.89,1.9900000000000002,1.9900000000000002,2.37,3.2300000000000004,9624.0,15348.0,1760.0,-3679.0,4118.0,7101.0,J
2.85,1.9299999999999997,2.03,2.36,3.2300000000000004,9424.0,15192.0,1880.0,-3587.0,4423.0,7328.0,J
2.9,1.9299999999999997,2.04,2.37,3.2,9760.0,14912.0,1672.0,-3337.0,4902.0,7415.0,J
2.87,1.95,2.05,2.35,3.18,10244.0,15204.0,1620.0,-3019.0,3856.0,7742.0,J
2.9,2.01,2.02,2.35,3.19,10944.0,15360.0,1940.0,-3024.0,2852.0,8233.0,J
2.88,1.9,2.02,2.37,3.2400000000000007,11468.0,14928.0,2320.0,-3267.0,1977.0,9024.0,J
2.89,1.9,1.97,2.34,3.25,11356.0,14564.0,2620.0,-3220.0,1954.0,9653.0,J
2.88,1.97,2.04,2.37,3.25,11184.0,13560.0,2888.0,-2892.0,2917.0,10019.0,J
2.83,2.01,1.9900000000000002,2.32,3.2199999999999998,11100.0,12920.0,3392.0,-2695.0,4585.0,9786.0,J
2.79,2.01,2.05,2.34,3.2300000000000004,12208.0,12200.0,2960.0,-2256.0,4959.0,9531.0,J
2.88,2.01,2.05,2.34,3.18,12288.0,12520.0,2740.0,-2122.0,2953.0,9153.0,J
2.89,2.01,2.05,2.34,3.2199999999999998,12588.0,12740.0,2400.0,-2969.0,1298.0,8494.0,J
2.84,1.9799999999999998,2.01,2.35,3.25,12956.0,12956.0,2384.0,-3347.0,1974.0,8478.0,J
2.85,2.01,2.05,2.33,3.26,12920.0,12920.0,2108.0,-3979.0,3087.0,8251.0,J
2.83,1.9299999999999997,2.01,2.3,3.2400000000000007,13128.0,13060.0,1644.0,-4407.0,3553.0,7868.0,J
2.85,1.9799999999999998,2.05,2.35,3.16,13336.0,12968.0,1300.0,-4445.0,3508.0,7230.0,J
2.84,2.03,2.01,2.32,3.2400000000000007,13756.0,13308.0,1728.0,-4830.0,2643.0,6309.0,J
2.86,2.02,2.03,2.33,3.2,14092.0,13816.0,2176.0,-5076.0,1015.0,5762.0,J
2.8,1.9799999999999998,2.05,2.33,3.25,14148.0,13980.0,2112.0,-5833.0,-705.0,5289.0,J
2.89,1.9900000000000002,2.01,2.35,3.2,14440.0,13584.0,2552.0,-6282.0,-1551.0,4871.0,J
2.91,2.02,2.01,2.35,3.2400000000000007,14456.0,13372.0,2904.0,-6591.0,-1124.0,4142.0,J
2.86,2.01,2.05,2.34,3.2099999999999995,14832.0,13240.0,3392.0,-6491.0,-14.0,3254.0,J
2.86,2.02,2.05,2.32,3.2300000000000004,14400.0,13552.0,4160.0,-5749.0,1691.0,2510.0,J
2.86,2.0,2.04,2.35,3.2300000000000004,14316.0,13404.0,4660.0,-5646.0,1617.0,1615.0,J
2.84,2.02,2.05,2.35,3.2400000000000007,14188.0,13888.0,5300.0,-5904.0,-70.0,870.0,J
2.84,2.01,1.9900000000000002,2.2,3.2099999999999995,13996.0,13652.0,5632.0,-6466.0,-1687.0,226.0,J
2.83,1.9799999999999998,2.04,2.35,3.2400000000000007,13352.0,13524.0,6100.0,-6335.0,-1325.0,-303.0,J
2.92,2.0,2.02,2.34,3.25,12708.0,13532.0,6104.0,-6438.0,-1595.0,-1269.0,J
2.93,2.0,2.01,2.32,3.12,12532.0,13288.0,6344.0,-6316.0,-1234.0,-2279.0,J
2.86,2.0,2.01,2.34,3.25,12604.0,13080.0,6240.0,-5964.0,-1029.0,-3120.0,J
2.79,2.0,2.02,2.34,3.2099999999999995,12420.0,13232.0,5752.0,-5232.0,-519.0,-3783.0,J
2.83,1.97,2.05,2.35,3.25,12468.0,13336.0,5484.0,-4961.0,-1585.0,-4556.0,J
2.81,2.0,2.01,2.35,3.19,12140.0,13456.0,5008.0,-4498.0,-2017.0,-4973.0,J
2.82,2.02,2.01,2.33,3.25,12028.0,13672.0,4596.0,-4358.0,-3080.0,-5480.0,J
2.81,2.03,2.01,2.36,3.26,11884.0,14132.0,4368.0,-4182.0,-3860.0,-5830.0,J
2.78,1.96,2.05,2.35,3.2099999999999995,11652.0,14252.0,4500.0,-3974.0,-4430.0,-6415.0,J
2.81,2.04,2.05,2.28,3.2199999999999998,11892.0,14388.0,4764.0,-3940.0,-5324.0,-6680.0,J
2.84,1.9900000000000002,1.9799999999999998,2.32,3.2,11916.0,14428.0,5052.0,-3879.0,-5870.0,-6806.0,J
2.87,1.9900000000000002,1.97,2.33,3.2300000000000004,11788.0,14460.0,5108.0,-3754.0,-6385.0,-6865.0,J
2.83,2.0,2.04,2.36,3.2199999999999998,11864.0,14552.0,5196.0,-3279.0,-6791.0,-6883.0,J
2.8,1.9900000000000002,2.01,2.32,3.2300000000000004,11424.0,14536.0,5448.0,-2901.0,-6750.0,-6869.0,J
2.84,1.9900000000000002,1.95,2.32,3.26,11324.0,14856.0,5580.0,-2399.0,-6350.0,-6929.0,J
2.86,1.9900000000000002,2.05,2.22,3.25,11184.0,15296.0,5620.0,-1942.0,-6232.0,-6934.0,J
2.83,2.04,2.05,2.33,3.26,11320.0,15636.0,5936.0,-1268.0,-6150.0,-6721.0,J
2.79,2.04,2.04,2.32,3.26,11132.0,15632.0,6048.0,-487.0,-5748.0,-6556.0,J
2.88,1.94,2.04,2.36,3.2400000000000007,10740.0,15684.0,5632.0,284.0,-6201.0,-6478.0,J
2.84,2.02,2.04,2.33,3.18,10960.0,16080.0,5700.0,1115.0,-6575.0,-6505.0,J
2.82,1.97,1.97,2.36,3.2400000000000007,10156.0,15752.0,5852.0,2130.0,-6387.0,-6182.0,J
2.93,2.04,2.02,2.36,3.18,9976.0,15960.0,5724.0,2742.0,-6281.0,-6338.0,J
2.99,2.0,1.95,2.35,3.19,9524.0,15716.0,5572.0,3325.0,-5867.0,-6374.0,J
3.04,2.04,2.03,2.33,3.26,9740.0,15240.0,5740.0,3760.0,-5155.0,-6503.0,J
2.82,1.9900000000000002,2.01,2.2,3.2300000000000004,9088.0,14504.0,5704.0,4539.0,-3761.0,-6203.0,J
2.87,2.0,2.01,2.33,3.25,8368.0,14080.0,5400.0,5273.0,-3172.0,-6108.0,J
2.87,2.03,2.05,2.36,3.2300000000000004,8196.0,14032.0,5372.0,5508.0,-3187.0,-6185.0,J
2.92,2.03,2.02,2.36,3.2300000000000004,7640.0,13992.0,4836.0,5775.0,-3084.0,-6052.0,J
2.87,2.01,2.04,2.35,3.2099999999999995,7676.0,13696.0,4548.0,5735.0,-2822.0,-6220.0,J
2.85,1.9799999999999998,2.01,2.33,3.2,7268.0,13512.0,4400.0,5949.0,-1553.0,-6054.0,J
2.81,2.03,2.03,2.33,3.2199999999999998,6828.0,13204.0,4112.0,5994.0,-1008.0,-5902.0,J
2.84,2.03,2.05,2.36,3.2400000000000007,6584.0,12868.0,4016.0,5835.0,-865.0,-5779.0,J
2.87,2.0,1.97,2.33,3.18,6500.0,12388.0,3848.0,5708.0,-796.0,-5396.0,J
2.84,2.04,2.0,2.32,3.2300000000000004,5992.0,12172.0,3808.0,5551.0,-821.0,-4920.0,J
2.87,2.03,2.05,2.36,3.2400000000000007,5976.0,12004.0,3364.0,5278.0,-904.0,-4520.0,J
2.81,1.9900000000000002,1.9900000000000002,2.34,3.26,5992.0,11828.0,3096.0,4798.0,-874.0,-4100.0,J
2.87,1.9900000000000002,1.9799999999999998,2.35,3.17,6144.0,11324.0,2832.0,4676.0,-192.0,-3649.0,J
2.86,2.0,2.0,2.34,3.2099999999999995,6248.0,11220.0,2444.0,4226.0,-104.0,-3349.0,J
2.93,2.04,2.04,2.29,3.2099999999999995,6336.0,11236.0,2064.0,3910.0,100.0,-3049.0,J
2.85,2.0,2.0,2.33,3.18,6756.0,11256.0,2112.0,3473.0,320.0,-2862.0,J
2.84,2.0,1.9799999999999998,2.34,3.2099999999999995,6640.0,11380.0,1788.0,2988.0,440.0,-2545.0,J
2.84,2.0,2.02,2.32,3.2300000000000004,6956.0,11472.0,1564.0,2550.0,535.0,-2200.0,J
2.86,2.03,2.04,2.32,3.2099999999999995,6920.0,11784.0,1204.0,1972.0,491.0,-1858.0,J
2.83,2.03,2.04,2.34,3.18,7140.0,11772.0,956.0,1404.0,594.0,-1495.0,J
2.86,2.0,2.01,2.33,3.19,7200.0,12116.0,736.0,1044.0,787.0,-1077.0,J
2.8,2.04,2.04,2.32,3.17,7344.0,12340.0,408.0,566.0,454.0,-903.0,J
2.87,2.02,1.9900000000000002,2.36,3.26,7420.0,12652.0,796.0,129.0,412.0,-608.0,J
2.88,2.01,2.03,2.34,3.2199999999999998,7600.0,12836.0,508.0,-331.0,511.0,-306.0,J
2.87,2.0,2.0,2.33,3.19,7636.0,13048.0,624.0,-849.0,329.0,-89.0,J
2.85,2.04,2.05,2.36,3.18,7740.0,13236.0,500.0,-1199.0,269.0,68.0,J
2.79,2.02,2.04,2.36,3.2099999999999995,7984.0,13572.0,440.0,-1413.0,184.0,181.0,J
2.87,2.03,2.05,2.35,3.2300000000000004,8040.0,13836.0,556.0,-1501.0,188.0,191.0,J
2.89,2.03,2.05,2.35,3.18,7964.0,13992.0,552.0,-1578.0,140.0,113.0,J
2.87,1.9799999999999998,2.03,2.36,3.27,8076.0,14292.0,716.0,-1703.0,28.0,6.0,J
2.92,2.0,1.97,2.34,3.27,8132.0,14336.0,788.0,-1707.0,118.0,-73.0,J
2.88,1.9900000000000002,2.02,2.35,3.25,8196.0,14464.0,1112.0,-1707.0,96.0,-89.0,J
2.87,2.03,2.01,2.36,3.26,8172.0,14664.0,1260.0,-1659.0,120.0,-49.0,J
2.83,2.0,2.04,2.36,3.18,8092.0,14840.0,1364.0,-1572.0,333.0,42.0,J
2.83,1.9900000000000002,2.03,2.33,3.2,7928.0,14884.0,1460.0,-1544.0,462.0,112.0,J
2.84,2.0,2.04,2.36,3.18,7796.0,14852.0,1460.0,-1371.0,466.0,175.0,J
2.83,2.01,2.05,2.35,3.2300000000000004,7712.0,14784.0,1432.0,-1152.0,321.0,59.0,J
2.83,1.94,2.01,2.33,3.2300000000000004,7436.0,14708.0,1384.0,-922.0,94.0,-63.0,J
2.87,2.03,1.97,2.35,3.16,7672.0,14704.0,1496.0,-847.0,-252.0,-282.0,J
2.83,2.02,2.03,2.36,3.25,7708.0,14588.0,1508.0,-525.0,-161.0,-278.0,J
2.85,1.9900000000000002,2.0,2.33,3.1,7740.0,14692.0,1592.0,-426.0,-237.0,-198.0,J
2.89,1.9799999999999998,2.03,2.31,3.25,7632.0,14704.0,1640.0,-346.0,-374.0,-160.0,J
2.87,2.0,2.0,2.37,3.2400000000000007,7620.0,14640.0,1424.0,-286.0,-486.0,-202.0,J
2.84,2.02,2.04,2.36,3.18,7580.0,14508.0,1536.0,-241.0,-185.0,-207.0,J
2.84,2.01,2.04,2.33,3.19,7544.0,14484.0,1204.0,-209.0,-153.0,-294.0,J
2.87,2.05,2.01,2.35,3.18,7548.0,14368.0,1212.0,-79.0,-12.0,-330.0,J
2.97,2.02,2.05,2.35,3.2300000000000004,7388.0,14448.0,1188.0,-25.0,-35.0,-409.0,J
2.86,2.02,1.9900000000000002,2.33,3.2400000000000007,7580.0,14544.0,1208.0,-118.0,-16.0,-462.0,J
2.83,2.03,2.05,2.36,3.25,7752.0,14580.0,1200.0,-136.0,69.0,-413.0,J
2.81,2.02,1.97,2.35,3.2300000000000004,7440.0,14736.0,1376.0,-159.0,152.0,-402.0,J
2.83,2.03,2.04,2.35,3.18,7544.0,14484.0,1340.0,-178.0,125.0,-369.0,J
2.79,2.02,2.05,2.36,3.2199999999999998,7688.0,14380.0,1276.0,-209.0,320.0,-307.0,J
2.84,1.9900000000000002,2.05,2.35,3.2400000000000007,7452.0,14380.0,1180.0,-139.0,261.0,-301.0,J
2.8,1.96,2.01,2.34,3.2099999999999995,7400.0,14384.0,1292.0,-40.0,248.0,-324.0,J
2.9,2.03,2.04,2.34,3.2199999999999998,7476.0,14348.0,1120.0,-235.0,-195.0,-458.0,J
2.87,2.02,2.04,2.33,2.98,7552.0,14344.0,1332.0,-207.0,-147.0,-447.0,J
2.8,1.9299999999999997,2.0,2.36,3.25,7612.0,14288.0,1380.0,-298.0,-341.0,-358.0,J
